ISO-10303-21;
HEADER;
/* Generated by software containing ST-Developer
 * from STEP Tools, Inc. (www.steptools.com) 
 */
/* OPTION: using custom renumber hook */

FILE_DESCRIPTION(
/* description */ ('STEP AP242 Edition 2',
'CAx-IF Rec.Pracs.---Representation and Presentation of Product Manufa
cturing Information (PMI)---4.0---2014-10-13',
'CAx-IF Rec.Pracs.---3D Tessellated Geometry---0.4---2014-09-14','2;1',
'CAx-IF Rec.Pracs.---User Defined Attributes---1.5---2016-08-15'),
/* implementation_level */ '2;1');

FILE_NAME(
/* name */ '6aba7548ccf877284b1ce495',
/* time_stamp */ '2026-09-28T14:10:18Z',
/* author */ (''),
/* organization */ (''),
/* preprocessor_version */ 'ST-DEVELOPER v20',
/* originating_system */ 'ONSHAPE BY PTC INC, 1.221',
/* authorisation */ '  ');

FILE_SCHEMA (('AP242_MANAGED_MODEL_BASED_3D_ENGINEERING_MIM_LF { 1 0 10303 442 3 1 4 }'));
ENDSEC;

DATA;
#10=CONTEXT_DEPENDENT_SHAPE_REPRESENTATION(#14,#3234);
#11=CONTEXT_DEPENDENT_SHAPE_REPRESENTATION(#15,#3236);
#12=NEXT_ASSEMBLY_USAGE_OCCURRENCE('NAUO1','CaseTop','CaseTop',#3237,#3238,
'');
#13=NEXT_ASSEMBLY_USAGE_OCCURRENCE('NAUO2','Part 1','Part 1',#3237,#3239,
'');
#14=(
REPRESENTATION_RELATIONSHIP(' ',' ',#1938,#1937)
REPRESENTATION_RELATIONSHIP_WITH_TRANSFORMATION(#16)
SHAPE_REPRESENTATION_RELATIONSHIP()
);
#15=(
REPRESENTATION_RELATIONSHIP(' ',' ',#1939,#1937)
REPRESENTATION_RELATIONSHIP_WITH_TRANSFORMATION(#17)
SHAPE_REPRESENTATION_RELATIONSHIP()
);
#16=ITEM_DEFINED_TRANSFORMATION(' ',' ',#1940,#2040);
#17=ITEM_DEFINED_TRANSFORMATION(' ',' ',#1940,#2115);
#18=SHAPE_REPRESENTATION_RELATIONSHIP('','',#1938,#20);
#19=SHAPE_REPRESENTATION_RELATIONSHIP('','',#1939,#21);
#20=ADVANCED_BREP_SHAPE_REPRESENTATION('',(#1932),#3224);
#21=ADVANCED_BREP_SHAPE_REPRESENTATION('',(#1933),#3225);
#22=B_SPLINE_CURVE_WITH_KNOTS('',3,(#2944,#2945,#2946,#2947),
 .UNSPECIFIED.,.F.,.F.,(4,4),(0.,0.00287603613548223),.UNSPECIFIED.);
#23=B_SPLINE_CURVE_WITH_KNOTS('',3,(#2954,#2955,#2956,#2957),
 .UNSPECIFIED.,.F.,.F.,(4,4),(0.,0.00287603613548223),.UNSPECIFIED.);
#24=CONICAL_SURFACE('',#1988,0.008,0.785398163397448);
#25=CONICAL_SURFACE('',#1989,0.008,0.785398163397449);
#26=CONICAL_SURFACE('',#1992,0.008,0.785398163397448);
#27=CONICAL_SURFACE('',#1993,0.008,0.785398163397449);
#28=CONICAL_SURFACE('',#2016,0.000818601475290878,0.698131700797732);
#29=CONICAL_SURFACE('',#2017,0.004175,0.698131700797732);
#30=CONICAL_SURFACE('',#2025,0.00300000000000004,0.785398163397448);
#31=CONICAL_SURFACE('',#2027,0.0045,0.785398163397448);
#32=CONICAL_SURFACE('',#2029,0.005,0.785398163397448);
#33=CONICAL_SURFACE('',#2031,0.0025,0.785398163397448);
#34=CONICAL_SURFACE('',#2090,0.008,0.785398163397448);
#35=CONICAL_SURFACE('',#2091,0.008,0.785398163397449);
#36=CONICAL_SURFACE('',#2094,0.008,0.785398163397448);
#37=CONICAL_SURFACE('',#2095,0.008,0.785398163397449);
#38=CONICAL_SURFACE('',#2109,0.004,0.698131700797731);
#39=CONICAL_SURFACE('',#2110,0.00081142140152634,0.698131700797731);
#40=CYLINDRICAL_SURFACE('',#1952,0.005);
#41=CYLINDRICAL_SURFACE('',#1958,0.004);
#42=CYLINDRICAL_SURFACE('',#1960,0.004);
#43=CYLINDRICAL_SURFACE('',#1963,0.008);
#44=CYLINDRICAL_SURFACE('',#1966,0.008);
#45=CYLINDRICAL_SURFACE('',#1969,0.008);
#46=CYLINDRICAL_SURFACE('',#1973,0.004);
#47=CYLINDRICAL_SURFACE('',#1976,0.004);
#48=CYLINDRICAL_SURFACE('',#1979,0.008);
#49=CYLINDRICAL_SURFACE('',#2002,0.005);
#50=CYLINDRICAL_SURFACE('',#2019,0.0045);
#51=CYLINDRICAL_SURFACE('',#2021,0.0045);
#52=CYLINDRICAL_SURFACE('',#2053,0.004);
#53=CYLINDRICAL_SURFACE('',#2056,0.004);
#54=CYLINDRICAL_SURFACE('',#2059,0.005);
#55=CYLINDRICAL_SURFACE('',#2062,0.005);
#56=CYLINDRICAL_SURFACE('',#2066,0.008);
#57=CYLINDRICAL_SURFACE('',#2069,0.008);
#58=CYLINDRICAL_SURFACE('',#2073,0.008);
#59=CYLINDRICAL_SURFACE('',#2084,0.008);
#60=CYLINDRICAL_SURFACE('',#2098,0.005);
#61=CIRCLE('',#1943,0.004);
#62=CIRCLE('',#1944,0.004);
#63=CIRCLE('',#1945,0.004);
#64=CIRCLE('',#1946,0.004);
#65=CIRCLE('',#1947,0.008);
#66=CIRCLE('',#1948,0.008);
#67=CIRCLE('',#1949,0.008);
#68=CIRCLE('',#1950,0.008);
#69=CIRCLE('',#1953,0.005);
#70=CIRCLE('',#1954,0.005);
#71=CIRCLE('',#1959,0.004);
#72=CIRCLE('',#1961,0.004);
#73=CIRCLE('',#1964,0.008);
#74=CIRCLE('',#1967,0.008);
#75=CIRCLE('',#1970,0.008);
#76=CIRCLE('',#1974,0.004);
#77=CIRCLE('',#1977,0.004);
#78=CIRCLE('',#1980,0.008);
#79=CIRCLE('',#1983,0.005);
#80=CIRCLE('',#1984,0.005);
#81=CIRCLE('',#1985,0.005);
#82=CIRCLE('',#1986,0.005);
#83=CIRCLE('',#1997,0.0025);
#84=CIRCLE('',#1998,0.00300000000000004);
#85=CIRCLE('',#2000,0.004175);
#86=CIRCLE('',#2001,0.0045);
#87=CIRCLE('',#2003,0.005);
#88=CIRCLE('',#2004,0.005);
#89=CIRCLE('',#2007,0.0025);
#90=CIRCLE('',#2008,0.00300000000000004);
#91=CIRCLE('',#2010,0.0045);
#92=CIRCLE('',#2011,0.004175);
#93=CIRCLE('',#2013,0.000818601475290878);
#94=CIRCLE('',#2015,0.000818601475290878);
#95=CIRCLE('',#2020,0.0045);
#96=CIRCLE('',#2022,0.0045);
#97=CIRCLE('',#2044,0.005);
#98=CIRCLE('',#2045,0.005);
#99=CIRCLE('',#2046,0.005);
#100=CIRCLE('',#2047,0.005);
#101=CIRCLE('',#2054,0.004);
#102=CIRCLE('',#2055,0.004);
#103=CIRCLE('',#2057,0.004);
#104=CIRCLE('',#2058,0.004);
#105=CIRCLE('',#2060,0.005);
#106=CIRCLE('',#2061,0.005);
#107=CIRCLE('',#2063,0.005);
#108=CIRCLE('',#2064,0.005);
#109=CIRCLE('',#2067,0.008);
#110=CIRCLE('',#2068,0.008);
#111=CIRCLE('',#2070,0.008);
#112=CIRCLE('',#2071,0.008);
#113=CIRCLE('',#2074,0.008);
#114=CIRCLE('',#2075,0.008);
#115=CIRCLE('',#2085,0.008);
#116=CIRCLE('',#2086,0.008);
#117=CIRCLE('',#2099,0.005);
#118=CIRCLE('',#2100,0.005);
#119=CIRCLE('',#2102,0.004);
#120=CIRCLE('',#2104,0.004);
#121=CIRCLE('',#2106,0.00081142140152634);
#122=CIRCLE('',#2108,0.00081142140152634);
#123=ORIENTED_EDGE('',*,*,#653,.T.);
#124=ORIENTED_EDGE('',*,*,#654,.T.);
#125=ORIENTED_EDGE('',*,*,#655,.T.);
#126=ORIENTED_EDGE('',*,*,#656,.F.);
#127=ORIENTED_EDGE('',*,*,#657,.T.);
#128=ORIENTED_EDGE('',*,*,#658,.F.);
#129=ORIENTED_EDGE('',*,*,#659,.F.);
#130=ORIENTED_EDGE('',*,*,#660,.F.);
#131=ORIENTED_EDGE('',*,*,#661,.F.);
#132=ORIENTED_EDGE('',*,*,#662,.F.);
#133=ORIENTED_EDGE('',*,*,#663,.T.);
#134=ORIENTED_EDGE('',*,*,#664,.F.);
#135=ORIENTED_EDGE('',*,*,#665,.F.);
#136=ORIENTED_EDGE('',*,*,#666,.T.);
#137=ORIENTED_EDGE('',*,*,#667,.T.);
#138=ORIENTED_EDGE('',*,*,#668,.F.);
#139=ORIENTED_EDGE('',*,*,#653,.F.);
#140=ORIENTED_EDGE('',*,*,#669,.T.);
#141=ORIENTED_EDGE('',*,*,#670,.F.);
#142=ORIENTED_EDGE('',*,*,#671,.F.);
#143=ORIENTED_EDGE('',*,*,#672,.F.);
#144=ORIENTED_EDGE('',*,*,#673,.T.);
#145=ORIENTED_EDGE('',*,*,#674,.T.);
#146=ORIENTED_EDGE('',*,*,#675,.T.);
#147=ORIENTED_EDGE('',*,*,#676,.T.);
#148=ORIENTED_EDGE('',*,*,#677,.T.);
#149=ORIENTED_EDGE('',*,*,#678,.T.);
#150=ORIENTED_EDGE('',*,*,#679,.F.);
#151=ORIENTED_EDGE('',*,*,#680,.F.);
#152=ORIENTED_EDGE('',*,*,#681,.T.);
#153=ORIENTED_EDGE('',*,*,#682,.T.);
#154=ORIENTED_EDGE('',*,*,#683,.F.);
#155=ORIENTED_EDGE('',*,*,#684,.T.);
#156=ORIENTED_EDGE('',*,*,#685,.F.);
#157=ORIENTED_EDGE('',*,*,#686,.T.);
#158=ORIENTED_EDGE('',*,*,#687,.T.);
#159=ORIENTED_EDGE('',*,*,#688,.F.);
#160=ORIENTED_EDGE('',*,*,#689,.T.);
#161=ORIENTED_EDGE('',*,*,#672,.T.);
#162=ORIENTED_EDGE('',*,*,#690,.T.);
#163=ORIENTED_EDGE('',*,*,#691,.T.);
#164=ORIENTED_EDGE('',*,*,#692,.F.);
#165=ORIENTED_EDGE('',*,*,#693,.T.);
#166=ORIENTED_EDGE('',*,*,#694,.T.);
#167=ORIENTED_EDGE('',*,*,#695,.T.);
#168=ORIENTED_EDGE('',*,*,#696,.F.);
#169=ORIENTED_EDGE('',*,*,#697,.F.);
#170=ORIENTED_EDGE('',*,*,#681,.F.);
#171=ORIENTED_EDGE('',*,*,#698,.T.);
#172=ORIENTED_EDGE('',*,*,#699,.T.);
#173=ORIENTED_EDGE('',*,*,#700,.F.);
#174=ORIENTED_EDGE('',*,*,#676,.F.);
#175=ORIENTED_EDGE('',*,*,#701,.T.);
#176=ORIENTED_EDGE('',*,*,#702,.T.);
#177=ORIENTED_EDGE('',*,*,#703,.T.);
#178=ORIENTED_EDGE('',*,*,#704,.T.);
#179=ORIENTED_EDGE('',*,*,#705,.T.);
#180=ORIENTED_EDGE('',*,*,#706,.F.);
#181=ORIENTED_EDGE('',*,*,#663,.F.);
#182=ORIENTED_EDGE('',*,*,#707,.F.);
#183=ORIENTED_EDGE('',*,*,#704,.F.);
#184=ORIENTED_EDGE('',*,*,#662,.T.);
#185=ORIENTED_EDGE('',*,*,#708,.T.);
#186=ORIENTED_EDGE('',*,*,#709,.F.);
#187=ORIENTED_EDGE('',*,*,#710,.F.);
#188=ORIENTED_EDGE('',*,*,#664,.T.);
#189=ORIENTED_EDGE('',*,*,#706,.T.);
#190=ORIENTED_EDGE('',*,*,#711,.T.);
#191=ORIENTED_EDGE('',*,*,#712,.T.);
#192=ORIENTED_EDGE('',*,*,#713,.F.);
#193=ORIENTED_EDGE('',*,*,#688,.T.);
#194=ORIENTED_EDGE('',*,*,#713,.T.);
#195=ORIENTED_EDGE('',*,*,#714,.T.);
#196=ORIENTED_EDGE('',*,*,#715,.F.);
#197=ORIENTED_EDGE('',*,*,#689,.F.);
#198=ORIENTED_EDGE('',*,*,#716,.F.);
#199=ORIENTED_EDGE('',*,*,#665,.T.);
#200=ORIENTED_EDGE('',*,*,#715,.T.);
#201=ORIENTED_EDGE('',*,*,#717,.T.);
#202=ORIENTED_EDGE('',*,*,#692,.T.);
#203=ORIENTED_EDGE('',*,*,#718,.T.);
#204=ORIENTED_EDGE('',*,*,#719,.F.);
#205=ORIENTED_EDGE('',*,*,#673,.F.);
#206=ORIENTED_EDGE('',*,*,#719,.T.);
#207=ORIENTED_EDGE('',*,*,#720,.T.);
#208=ORIENTED_EDGE('',*,*,#721,.F.);
#209=ORIENTED_EDGE('',*,*,#674,.F.);
#210=ORIENTED_EDGE('',*,*,#721,.T.);
#211=ORIENTED_EDGE('',*,*,#722,.T.);
#212=ORIENTED_EDGE('',*,*,#701,.F.);
#213=ORIENTED_EDGE('',*,*,#675,.F.);
#214=ORIENTED_EDGE('',*,*,#686,.F.);
#215=ORIENTED_EDGE('',*,*,#723,.T.);
#216=ORIENTED_EDGE('',*,*,#724,.T.);
#217=ORIENTED_EDGE('',*,*,#725,.T.);
#218=ORIENTED_EDGE('',*,*,#726,.F.);
#219=ORIENTED_EDGE('',*,*,#727,.T.);
#220=ORIENTED_EDGE('',*,*,#728,.F.);
#221=ORIENTED_EDGE('',*,*,#657,.F.);
#222=ORIENTED_EDGE('',*,*,#710,.T.);
#223=ORIENTED_EDGE('',*,*,#728,.T.);
#224=ORIENTED_EDGE('',*,*,#729,.T.);
#225=ORIENTED_EDGE('',*,*,#730,.F.);
#226=ORIENTED_EDGE('',*,*,#658,.T.);
#227=ORIENTED_EDGE('',*,*,#730,.T.);
#228=ORIENTED_EDGE('',*,*,#731,.F.);
#229=ORIENTED_EDGE('',*,*,#732,.F.);
#230=ORIENTED_EDGE('',*,*,#659,.T.);
#231=ORIENTED_EDGE('',*,*,#732,.T.);
#232=ORIENTED_EDGE('',*,*,#733,.T.);
#233=ORIENTED_EDGE('',*,*,#734,.F.);
#234=ORIENTED_EDGE('',*,*,#660,.T.);
#235=ORIENTED_EDGE('',*,*,#734,.T.);
#236=ORIENTED_EDGE('',*,*,#735,.F.);
#237=ORIENTED_EDGE('',*,*,#708,.F.);
#238=ORIENTED_EDGE('',*,*,#661,.T.);
#239=ORIENTED_EDGE('',*,*,#726,.T.);
#240=ORIENTED_EDGE('',*,*,#736,.T.);
#241=ORIENTED_EDGE('',*,*,#711,.F.);
#242=ORIENTED_EDGE('',*,*,#687,.F.);
#243=ORIENTED_EDGE('',*,*,#729,.F.);
#244=ORIENTED_EDGE('',*,*,#727,.F.);
#245=ORIENTED_EDGE('',*,*,#709,.T.);
#246=ORIENTED_EDGE('',*,*,#705,.F.);
#247=ORIENTED_EDGE('',*,*,#707,.T.);
#248=ORIENTED_EDGE('',*,*,#735,.T.);
#249=ORIENTED_EDGE('',*,*,#733,.F.);
#250=ORIENTED_EDGE('',*,*,#731,.T.);
#251=ORIENTED_EDGE('',*,*,#737,.T.);
#252=ORIENTED_EDGE('',*,*,#738,.T.);
#253=ORIENTED_EDGE('',*,*,#739,.T.);
#254=ORIENTED_EDGE('',*,*,#740,.T.);
#255=ORIENTED_EDGE('',*,*,#741,.T.);
#256=ORIENTED_EDGE('',*,*,#742,.T.);
#257=ORIENTED_EDGE('',*,*,#743,.T.);
#258=ORIENTED_EDGE('',*,*,#744,.T.);
#259=ORIENTED_EDGE('',*,*,#745,.F.);
#260=ORIENTED_EDGE('',*,*,#725,.F.);
#261=ORIENTED_EDGE('',*,*,#746,.T.);
#262=ORIENTED_EDGE('',*,*,#699,.F.);
#263=ORIENTED_EDGE('',*,*,#747,.F.);
#264=ORIENTED_EDGE('',*,*,#702,.F.);
#265=ORIENTED_EDGE('',*,*,#748,.F.);
#266=ORIENTED_EDGE('',*,*,#742,.F.);
#267=ORIENTED_EDGE('',*,*,#748,.T.);
#268=ORIENTED_EDGE('',*,*,#722,.F.);
#269=ORIENTED_EDGE('',*,*,#749,.F.);
#270=ORIENTED_EDGE('',*,*,#743,.F.);
#271=ORIENTED_EDGE('',*,*,#745,.T.);
#272=ORIENTED_EDGE('',*,*,#741,.F.);
#273=ORIENTED_EDGE('',*,*,#750,.F.);
#274=ORIENTED_EDGE('',*,*,#736,.F.);
#275=ORIENTED_EDGE('',*,*,#749,.T.);
#276=ORIENTED_EDGE('',*,*,#720,.F.);
#277=ORIENTED_EDGE('',*,*,#751,.F.);
#278=ORIENTED_EDGE('',*,*,#744,.F.);
#279=ORIENTED_EDGE('',*,*,#750,.T.);
#280=ORIENTED_EDGE('',*,*,#740,.F.);
#281=ORIENTED_EDGE('',*,*,#752,.F.);
#282=ORIENTED_EDGE('',*,*,#712,.F.);
#283=ORIENTED_EDGE('',*,*,#751,.T.);
#284=ORIENTED_EDGE('',*,*,#718,.F.);
#285=ORIENTED_EDGE('',*,*,#753,.F.);
#286=ORIENTED_EDGE('',*,*,#737,.F.);
#287=ORIENTED_EDGE('',*,*,#752,.T.);
#288=ORIENTED_EDGE('',*,*,#739,.F.);
#289=ORIENTED_EDGE('',*,*,#754,.F.);
#290=ORIENTED_EDGE('',*,*,#714,.F.);
#291=ORIENTED_EDGE('',*,*,#753,.T.);
#292=ORIENTED_EDGE('',*,*,#691,.F.);
#293=ORIENTED_EDGE('',*,*,#755,.T.);
#294=ORIENTED_EDGE('',*,*,#655,.F.);
#295=ORIENTED_EDGE('',*,*,#756,.F.);
#296=ORIENTED_EDGE('',*,*,#717,.F.);
#297=ORIENTED_EDGE('',*,*,#754,.T.);
#298=ORIENTED_EDGE('',*,*,#738,.F.);
#299=ORIENTED_EDGE('',*,*,#695,.F.);
#300=ORIENTED_EDGE('',*,*,#757,.T.);
#301=ORIENTED_EDGE('',*,*,#747,.T.);
#302=ORIENTED_EDGE('',*,*,#758,.T.);
#303=ORIENTED_EDGE('',*,*,#759,.T.);
#304=ORIENTED_EDGE('',*,*,#677,.F.);
#305=ORIENTED_EDGE('',*,*,#700,.T.);
#306=ORIENTED_EDGE('',*,*,#760,.T.);
#307=ORIENTED_EDGE('',*,*,#761,.T.);
#308=ORIENTED_EDGE('',*,*,#762,.T.);
#309=ORIENTED_EDGE('',*,*,#763,.T.);
#310=ORIENTED_EDGE('',*,*,#698,.F.);
#311=ORIENTED_EDGE('',*,*,#680,.T.);
#312=ORIENTED_EDGE('',*,*,#764,.F.);
#313=ORIENTED_EDGE('',*,*,#765,.T.);
#314=ORIENTED_EDGE('',*,*,#696,.T.);
#315=ORIENTED_EDGE('',*,*,#758,.F.);
#316=ORIENTED_EDGE('',*,*,#766,.F.);
#317=ORIENTED_EDGE('',*,*,#767,.T.);
#318=ORIENTED_EDGE('',*,*,#768,.T.);
#319=ORIENTED_EDGE('',*,*,#769,.T.);
#320=ORIENTED_EDGE('',*,*,#746,.F.);
#321=ORIENTED_EDGE('',*,*,#770,.T.);
#322=ORIENTED_EDGE('',*,*,#766,.T.);
#323=ORIENTED_EDGE('',*,*,#771,.F.);
#324=ORIENTED_EDGE('',*,*,#685,.T.);
#325=ORIENTED_EDGE('',*,*,#772,.T.);
#326=ORIENTED_EDGE('',*,*,#773,.T.);
#327=ORIENTED_EDGE('',*,*,#774,.T.);
#328=ORIENTED_EDGE('',*,*,#775,.T.);
#329=ORIENTED_EDGE('',*,*,#723,.F.);
#330=ORIENTED_EDGE('',*,*,#682,.F.);
#331=ORIENTED_EDGE('',*,*,#697,.T.);
#332=ORIENTED_EDGE('',*,*,#771,.T.);
#333=ORIENTED_EDGE('',*,*,#769,.F.);
#334=ORIENTED_EDGE('',*,*,#776,.F.);
#335=ORIENTED_EDGE('',*,*,#777,.T.);
#336=ORIENTED_EDGE('',*,*,#778,.F.);
#337=ORIENTED_EDGE('',*,*,#779,.T.);
#338=ORIENTED_EDGE('',*,*,#780,.T.);
#339=ORIENTED_EDGE('',*,*,#778,.T.);
#340=ORIENTED_EDGE('',*,*,#780,.F.);
#341=ORIENTED_EDGE('',*,*,#779,.F.);
#342=ORIENTED_EDGE('',*,*,#763,.F.);
#343=ORIENTED_EDGE('',*,*,#768,.F.);
#344=ORIENTED_EDGE('',*,*,#781,.T.);
#345=ORIENTED_EDGE('',*,*,#782,.T.);
#346=ORIENTED_EDGE('',*,*,#776,.T.);
#347=ORIENTED_EDGE('',*,*,#782,.F.);
#348=ORIENTED_EDGE('',*,*,#783,.T.);
#349=ORIENTED_EDGE('',*,*,#683,.T.);
#350=ORIENTED_EDGE('',*,*,#777,.F.);
#351=ORIENTED_EDGE('',*,*,#679,.T.);
#352=ORIENTED_EDGE('',*,*,#784,.T.);
#353=ORIENTED_EDGE('',*,*,#785,.F.);
#354=ORIENTED_EDGE('',*,*,#764,.T.);
#355=ORIENTED_EDGE('',*,*,#785,.T.);
#356=ORIENTED_EDGE('',*,*,#786,.T.);
#357=ORIENTED_EDGE('',*,*,#693,.F.);
#358=ORIENTED_EDGE('',*,*,#765,.F.);
#359=ORIENTED_EDGE('',*,*,#724,.F.);
#360=ORIENTED_EDGE('',*,*,#775,.F.);
#361=ORIENTED_EDGE('',*,*,#787,.F.);
#362=ORIENTED_EDGE('',*,*,#770,.F.);
#363=ORIENTED_EDGE('',*,*,#787,.T.);
#364=ORIENTED_EDGE('',*,*,#774,.F.);
#365=ORIENTED_EDGE('',*,*,#788,.F.);
#366=ORIENTED_EDGE('',*,*,#767,.F.);
#367=ORIENTED_EDGE('',*,*,#788,.T.);
#368=ORIENTED_EDGE('',*,*,#773,.F.);
#369=ORIENTED_EDGE('',*,*,#789,.F.);
#370=ORIENTED_EDGE('',*,*,#781,.F.);
#371=ORIENTED_EDGE('',*,*,#789,.T.);
#372=ORIENTED_EDGE('',*,*,#772,.F.);
#373=ORIENTED_EDGE('',*,*,#684,.F.);
#374=ORIENTED_EDGE('',*,*,#783,.F.);
#375=ORIENTED_EDGE('',*,*,#703,.F.);
#376=ORIENTED_EDGE('',*,*,#757,.F.);
#377=ORIENTED_EDGE('',*,*,#790,.F.);
#378=ORIENTED_EDGE('',*,*,#760,.F.);
#379=ORIENTED_EDGE('',*,*,#790,.T.);
#380=ORIENTED_EDGE('',*,*,#694,.F.);
#381=ORIENTED_EDGE('',*,*,#791,.F.);
#382=ORIENTED_EDGE('',*,*,#761,.F.);
#383=ORIENTED_EDGE('',*,*,#791,.T.);
#384=ORIENTED_EDGE('',*,*,#786,.F.);
#385=ORIENTED_EDGE('',*,*,#792,.F.);
#386=ORIENTED_EDGE('',*,*,#762,.F.);
#387=ORIENTED_EDGE('',*,*,#792,.T.);
#388=ORIENTED_EDGE('',*,*,#784,.F.);
#389=ORIENTED_EDGE('',*,*,#678,.F.);
#390=ORIENTED_EDGE('',*,*,#759,.F.);
#391=ORIENTED_EDGE('',*,*,#793,.T.);
#392=ORIENTED_EDGE('',*,*,#755,.F.);
#393=ORIENTED_EDGE('',*,*,#794,.F.);
#394=ORIENTED_EDGE('',*,*,#795,.T.);
#395=ORIENTED_EDGE('',*,*,#670,.T.);
#396=ORIENTED_EDGE('',*,*,#796,.T.);
#397=ORIENTED_EDGE('',*,*,#795,.F.);
#398=ORIENTED_EDGE('',*,*,#797,.F.);
#399=ORIENTED_EDGE('',*,*,#671,.T.);
#400=ORIENTED_EDGE('',*,*,#797,.T.);
#401=ORIENTED_EDGE('',*,*,#794,.T.);
#402=ORIENTED_EDGE('',*,*,#690,.F.);
#403=ORIENTED_EDGE('',*,*,#656,.T.);
#404=ORIENTED_EDGE('',*,*,#793,.F.);
#405=ORIENTED_EDGE('',*,*,#796,.F.);
#406=ORIENTED_EDGE('',*,*,#669,.F.);
#407=ORIENTED_EDGE('',*,*,#798,.F.);
#408=ORIENTED_EDGE('',*,*,#799,.F.);
#409=ORIENTED_EDGE('',*,*,#800,.T.);
#410=ORIENTED_EDGE('',*,*,#756,.T.);
#411=ORIENTED_EDGE('',*,*,#801,.T.);
#412=ORIENTED_EDGE('',*,*,#799,.T.);
#413=ORIENTED_EDGE('',*,*,#802,.F.);
#414=ORIENTED_EDGE('',*,*,#667,.F.);
#415=ORIENTED_EDGE('',*,*,#716,.T.);
#416=ORIENTED_EDGE('',*,*,#800,.F.);
#417=ORIENTED_EDGE('',*,*,#801,.F.);
#418=ORIENTED_EDGE('',*,*,#666,.F.);
#419=ORIENTED_EDGE('',*,*,#668,.T.);
#420=ORIENTED_EDGE('',*,*,#802,.T.);
#421=ORIENTED_EDGE('',*,*,#798,.T.);
#422=ORIENTED_EDGE('',*,*,#654,.F.);
#423=ORIENTED_EDGE('',*,*,#803,.T.);
#424=ORIENTED_EDGE('',*,*,#804,.T.);
#425=ORIENTED_EDGE('',*,*,#805,.F.);
#426=ORIENTED_EDGE('',*,*,#806,.F.);
#427=ORIENTED_EDGE('',*,*,#807,.T.);
#428=ORIENTED_EDGE('',*,*,#808,.T.);
#429=ORIENTED_EDGE('',*,*,#809,.T.);
#430=ORIENTED_EDGE('',*,*,#810,.F.);
#431=ORIENTED_EDGE('',*,*,#811,.F.);
#432=ORIENTED_EDGE('',*,*,#812,.F.);
#433=ORIENTED_EDGE('',*,*,#813,.T.);
#434=ORIENTED_EDGE('',*,*,#814,.T.);
#435=ORIENTED_EDGE('',*,*,#815,.T.);
#436=ORIENTED_EDGE('',*,*,#816,.T.);
#437=ORIENTED_EDGE('',*,*,#817,.T.);
#438=ORIENTED_EDGE('',*,*,#818,.T.);
#439=ORIENTED_EDGE('',*,*,#819,.T.);
#440=ORIENTED_EDGE('',*,*,#820,.T.);
#441=ORIENTED_EDGE('',*,*,#821,.T.);
#442=ORIENTED_EDGE('',*,*,#822,.T.);
#443=ORIENTED_EDGE('',*,*,#823,.F.);
#444=ORIENTED_EDGE('',*,*,#824,.F.);
#445=ORIENTED_EDGE('',*,*,#825,.T.);
#446=ORIENTED_EDGE('',*,*,#826,.T.);
#447=ORIENTED_EDGE('',*,*,#827,.T.);
#448=ORIENTED_EDGE('',*,*,#828,.T.);
#449=ORIENTED_EDGE('',*,*,#829,.F.);
#450=ORIENTED_EDGE('',*,*,#830,.F.);
#451=ORIENTED_EDGE('',*,*,#831,.T.);
#452=ORIENTED_EDGE('',*,*,#832,.T.);
#453=ORIENTED_EDGE('',*,*,#833,.F.);
#454=ORIENTED_EDGE('',*,*,#834,.F.);
#455=ORIENTED_EDGE('',*,*,#835,.F.);
#456=ORIENTED_EDGE('',*,*,#836,.F.);
#457=ORIENTED_EDGE('',*,*,#837,.T.);
#458=ORIENTED_EDGE('',*,*,#838,.T.);
#459=ORIENTED_EDGE('',*,*,#839,.T.);
#460=ORIENTED_EDGE('',*,*,#840,.T.);
#461=ORIENTED_EDGE('',*,*,#841,.F.);
#462=ORIENTED_EDGE('',*,*,#842,.F.);
#463=ORIENTED_EDGE('',*,*,#843,.F.);
#464=ORIENTED_EDGE('',*,*,#831,.F.);
#465=ORIENTED_EDGE('',*,*,#844,.T.);
#466=ORIENTED_EDGE('',*,*,#845,.T.);
#467=ORIENTED_EDGE('',*,*,#846,.F.);
#468=ORIENTED_EDGE('',*,*,#847,.F.);
#469=ORIENTED_EDGE('',*,*,#848,.T.);
#470=ORIENTED_EDGE('',*,*,#833,.T.);
#471=ORIENTED_EDGE('',*,*,#829,.T.);
#472=ORIENTED_EDGE('',*,*,#849,.T.);
#473=ORIENTED_EDGE('',*,*,#826,.F.);
#474=ORIENTED_EDGE('',*,*,#850,.F.);
#475=ORIENTED_EDGE('',*,*,#851,.F.);
#476=ORIENTED_EDGE('',*,*,#838,.F.);
#477=ORIENTED_EDGE('',*,*,#852,.T.);
#478=ORIENTED_EDGE('',*,*,#841,.T.);
#479=ORIENTED_EDGE('',*,*,#853,.T.);
#480=ORIENTED_EDGE('',*,*,#854,.T.);
#481=ORIENTED_EDGE('',*,*,#855,.F.);
#482=ORIENTED_EDGE('',*,*,#856,.T.);
#483=ORIENTED_EDGE('',*,*,#855,.T.);
#484=ORIENTED_EDGE('',*,*,#857,.T.);
#485=ORIENTED_EDGE('',*,*,#808,.F.);
#486=ORIENTED_EDGE('',*,*,#858,.F.);
#487=ORIENTED_EDGE('',*,*,#810,.T.);
#488=ORIENTED_EDGE('',*,*,#859,.T.);
#489=ORIENTED_EDGE('',*,*,#860,.F.);
#490=ORIENTED_EDGE('',*,*,#861,.F.);
#491=ORIENTED_EDGE('',*,*,#860,.T.);
#492=ORIENTED_EDGE('',*,*,#862,.T.);
#493=ORIENTED_EDGE('',*,*,#863,.F.);
#494=ORIENTED_EDGE('',*,*,#864,.F.);
#495=ORIENTED_EDGE('',*,*,#863,.T.);
#496=ORIENTED_EDGE('',*,*,#865,.T.);
#497=ORIENTED_EDGE('',*,*,#813,.F.);
#498=ORIENTED_EDGE('',*,*,#866,.F.);
#499=ORIENTED_EDGE('',*,*,#867,.F.);
#500=ORIENTED_EDGE('',*,*,#868,.T.);
#501=ORIENTED_EDGE('',*,*,#869,.T.);
#502=ORIENTED_EDGE('',*,*,#870,.F.);
#503=ORIENTED_EDGE('',*,*,#871,.T.);
#504=ORIENTED_EDGE('',*,*,#872,.F.);
#505=ORIENTED_EDGE('',*,*,#873,.F.);
#506=ORIENTED_EDGE('',*,*,#847,.T.);
#507=ORIENTED_EDGE('',*,*,#874,.T.);
#508=ORIENTED_EDGE('',*,*,#827,.F.);
#509=ORIENTED_EDGE('',*,*,#875,.F.);
#510=ORIENTED_EDGE('',*,*,#872,.T.);
#511=ORIENTED_EDGE('',*,*,#824,.T.);
#512=ORIENTED_EDGE('',*,*,#876,.F.);
#513=ORIENTED_EDGE('',*,*,#877,.F.);
#514=ORIENTED_EDGE('',*,*,#878,.T.);
#515=ORIENTED_EDGE('',*,*,#877,.T.);
#516=ORIENTED_EDGE('',*,*,#879,.F.);
#517=ORIENTED_EDGE('',*,*,#880,.F.);
#518=ORIENTED_EDGE('',*,*,#881,.T.);
#519=ORIENTED_EDGE('',*,*,#882,.T.);
#520=ORIENTED_EDGE('',*,*,#839,.F.);
#521=ORIENTED_EDGE('',*,*,#883,.F.);
#522=ORIENTED_EDGE('',*,*,#880,.T.);
#523=ORIENTED_EDGE('',*,*,#836,.T.);
#524=ORIENTED_EDGE('',*,*,#884,.F.);
#525=ORIENTED_EDGE('',*,*,#885,.F.);
#526=ORIENTED_EDGE('',*,*,#886,.T.);
#527=ORIENTED_EDGE('',*,*,#885,.T.);
#528=ORIENTED_EDGE('',*,*,#887,.F.);
#529=ORIENTED_EDGE('',*,*,#845,.F.);
#530=ORIENTED_EDGE('',*,*,#888,.T.);
#531=ORIENTED_EDGE('',*,*,#870,.T.);
#532=ORIENTED_EDGE('',*,*,#889,.T.);
#533=ORIENTED_EDGE('',*,*,#853,.F.);
#534=ORIENTED_EDGE('',*,*,#890,.F.);
#535=ORIENTED_EDGE('',*,*,#891,.F.);
#536=ORIENTED_EDGE('',*,*,#803,.F.);
#537=ORIENTED_EDGE('',*,*,#861,.T.);
#538=ORIENTED_EDGE('',*,*,#864,.T.);
#539=ORIENTED_EDGE('',*,*,#866,.T.);
#540=ORIENTED_EDGE('',*,*,#812,.T.);
#541=ORIENTED_EDGE('',*,*,#892,.T.);
#542=ORIENTED_EDGE('',*,*,#867,.T.);
#543=ORIENTED_EDGE('',*,*,#890,.T.);
#544=ORIENTED_EDGE('',*,*,#856,.F.);
#545=ORIENTED_EDGE('',*,*,#858,.T.);
#546=ORIENTED_EDGE('',*,*,#807,.F.);
#547=ORIENTED_EDGE('',*,*,#893,.T.);
#548=ORIENTED_EDGE('',*,*,#894,.T.);
#549=ORIENTED_EDGE('',*,*,#844,.F.);
#550=ORIENTED_EDGE('',*,*,#834,.T.);
#551=ORIENTED_EDGE('',*,*,#848,.F.);
#552=ORIENTED_EDGE('',*,*,#873,.T.);
#553=ORIENTED_EDGE('',*,*,#875,.T.);
#554=ORIENTED_EDGE('',*,*,#830,.T.);
#555=ORIENTED_EDGE('',*,*,#850,.T.);
#556=ORIENTED_EDGE('',*,*,#825,.F.);
#557=ORIENTED_EDGE('',*,*,#878,.F.);
#558=ORIENTED_EDGE('',*,*,#881,.F.);
#559=ORIENTED_EDGE('',*,*,#883,.T.);
#560=ORIENTED_EDGE('',*,*,#842,.T.);
#561=ORIENTED_EDGE('',*,*,#852,.F.);
#562=ORIENTED_EDGE('',*,*,#837,.F.);
#563=ORIENTED_EDGE('',*,*,#886,.F.);
#564=ORIENTED_EDGE('',*,*,#888,.F.);
#565=ORIENTED_EDGE('',*,*,#879,.T.);
#566=ORIENTED_EDGE('',*,*,#876,.T.);
#567=ORIENTED_EDGE('',*,*,#823,.T.);
#568=ORIENTED_EDGE('',*,*,#849,.F.);
#569=ORIENTED_EDGE('',*,*,#828,.F.);
#570=ORIENTED_EDGE('',*,*,#874,.F.);
#571=ORIENTED_EDGE('',*,*,#871,.F.);
#572=ORIENTED_EDGE('',*,*,#846,.T.);
#573=ORIENTED_EDGE('',*,*,#832,.F.);
#574=ORIENTED_EDGE('',*,*,#843,.T.);
#575=ORIENTED_EDGE('',*,*,#887,.T.);
#576=ORIENTED_EDGE('',*,*,#884,.T.);
#577=ORIENTED_EDGE('',*,*,#835,.T.);
#578=ORIENTED_EDGE('',*,*,#851,.T.);
#579=ORIENTED_EDGE('',*,*,#840,.F.);
#580=ORIENTED_EDGE('',*,*,#882,.F.);
#581=ORIENTED_EDGE('',*,*,#895,.F.);
#582=ORIENTED_EDGE('',*,*,#869,.F.);
#583=ORIENTED_EDGE('',*,*,#896,.F.);
#584=ORIENTED_EDGE('',*,*,#814,.F.);
#585=ORIENTED_EDGE('',*,*,#897,.F.);
#586=ORIENTED_EDGE('',*,*,#820,.F.);
#587=ORIENTED_EDGE('',*,*,#897,.T.);
#588=ORIENTED_EDGE('',*,*,#865,.F.);
#589=ORIENTED_EDGE('',*,*,#898,.F.);
#590=ORIENTED_EDGE('',*,*,#821,.F.);
#591=ORIENTED_EDGE('',*,*,#895,.T.);
#592=ORIENTED_EDGE('',*,*,#819,.F.);
#593=ORIENTED_EDGE('',*,*,#899,.F.);
#594=ORIENTED_EDGE('',*,*,#889,.F.);
#595=ORIENTED_EDGE('',*,*,#898,.T.);
#596=ORIENTED_EDGE('',*,*,#862,.F.);
#597=ORIENTED_EDGE('',*,*,#900,.F.);
#598=ORIENTED_EDGE('',*,*,#822,.F.);
#599=ORIENTED_EDGE('',*,*,#899,.T.);
#600=ORIENTED_EDGE('',*,*,#818,.F.);
#601=ORIENTED_EDGE('',*,*,#901,.F.);
#602=ORIENTED_EDGE('',*,*,#854,.F.);
#603=ORIENTED_EDGE('',*,*,#900,.T.);
#604=ORIENTED_EDGE('',*,*,#859,.F.);
#605=ORIENTED_EDGE('',*,*,#902,.F.);
#606=ORIENTED_EDGE('',*,*,#815,.F.);
#607=ORIENTED_EDGE('',*,*,#901,.T.);
#608=ORIENTED_EDGE('',*,*,#817,.F.);
#609=ORIENTED_EDGE('',*,*,#903,.F.);
#610=ORIENTED_EDGE('',*,*,#857,.F.);
#611=ORIENTED_EDGE('',*,*,#902,.T.);
#612=ORIENTED_EDGE('',*,*,#809,.F.);
#613=ORIENTED_EDGE('',*,*,#903,.T.);
#614=ORIENTED_EDGE('',*,*,#816,.F.);
#615=ORIENTED_EDGE('',*,*,#904,.T.);
#616=ORIENTED_EDGE('',*,*,#905,.F.);
#617=ORIENTED_EDGE('',*,*,#906,.F.);
#618=ORIENTED_EDGE('',*,*,#896,.T.);
#619=ORIENTED_EDGE('',*,*,#907,.F.);
#620=ORIENTED_EDGE('',*,*,#892,.F.);
#621=ORIENTED_EDGE('',*,*,#908,.T.);
#622=ORIENTED_EDGE('',*,*,#905,.T.);
#623=ORIENTED_EDGE('',*,*,#909,.F.);
#624=ORIENTED_EDGE('',*,*,#906,.T.);
#625=ORIENTED_EDGE('',*,*,#908,.F.);
#626=ORIENTED_EDGE('',*,*,#811,.T.);
#627=ORIENTED_EDGE('',*,*,#910,.F.);
#628=ORIENTED_EDGE('',*,*,#904,.F.);
#629=ORIENTED_EDGE('',*,*,#868,.F.);
#630=ORIENTED_EDGE('',*,*,#907,.T.);
#631=ORIENTED_EDGE('',*,*,#911,.T.);
#632=ORIENTED_EDGE('',*,*,#912,.T.);
#633=ORIENTED_EDGE('',*,*,#912,.F.);
#634=ORIENTED_EDGE('',*,*,#909,.T.);
#635=ORIENTED_EDGE('',*,*,#910,.T.);
#636=ORIENTED_EDGE('',*,*,#911,.F.);
#637=ORIENTED_EDGE('',*,*,#913,.T.);
#638=ORIENTED_EDGE('',*,*,#914,.F.);
#639=ORIENTED_EDGE('',*,*,#915,.F.);
#640=ORIENTED_EDGE('',*,*,#805,.T.);
#641=ORIENTED_EDGE('',*,*,#916,.F.);
#642=ORIENTED_EDGE('',*,*,#894,.F.);
#643=ORIENTED_EDGE('',*,*,#917,.T.);
#644=ORIENTED_EDGE('',*,*,#914,.T.);
#645=ORIENTED_EDGE('',*,*,#893,.F.);
#646=ORIENTED_EDGE('',*,*,#806,.T.);
#647=ORIENTED_EDGE('',*,*,#915,.T.);
#648=ORIENTED_EDGE('',*,*,#917,.F.);
#649=ORIENTED_EDGE('',*,*,#891,.T.);
#650=ORIENTED_EDGE('',*,*,#916,.T.);
#651=ORIENTED_EDGE('',*,*,#913,.F.);
#652=ORIENTED_EDGE('',*,*,#804,.F.);
#653=EDGE_CURVE('',#918,#919,#1086,.T.);
#654=EDGE_CURVE('',#919,#920,#1087,.T.);
#655=EDGE_CURVE('',#920,#921,#1088,.T.);
#656=EDGE_CURVE('',#918,#921,#1089,.T.);
#657=EDGE_CURVE('',#922,#923,#1090,.T.);
#658=EDGE_CURVE('',#924,#923,#61,.T.);
#659=EDGE_CURVE('',#925,#924,#1091,.T.);
#660=EDGE_CURVE('',#926,#925,#62,.T.);
#661=EDGE_CURVE('',#927,#926,#1092,.T.);
#662=EDGE_CURVE('',#928,#927,#63,.T.);
#663=EDGE_CURVE('',#928,#929,#1093,.T.);
#664=EDGE_CURVE('',#922,#929,#64,.T.);
#665=EDGE_CURVE('',#930,#931,#1094,.T.);
#666=EDGE_CURVE('',#930,#932,#1095,.T.);
#667=EDGE_CURVE('',#932,#933,#1096,.T.);
#668=EDGE_CURVE('',#919,#933,#1097,.T.);
#669=EDGE_CURVE('',#918,#934,#1098,.T.);
#670=EDGE_CURVE('',#935,#934,#1099,.T.);
#671=EDGE_CURVE('',#936,#935,#1100,.T.);
#672=EDGE_CURVE('',#937,#936,#1101,.T.);
#673=EDGE_CURVE('',#937,#938,#65,.T.);
#674=EDGE_CURVE('',#938,#939,#1102,.T.);
#675=EDGE_CURVE('',#939,#940,#66,.T.);
#676=EDGE_CURVE('',#940,#941,#1103,.T.);
#677=EDGE_CURVE('',#941,#942,#1104,.T.);
#678=EDGE_CURVE('',#942,#943,#1105,.F.);
#679=EDGE_CURVE('',#944,#943,#1106,.T.);
#680=EDGE_CURVE('',#945,#944,#1107,.T.);
#681=EDGE_CURVE('',#945,#946,#1108,.T.);
#682=EDGE_CURVE('',#946,#947,#1109,.T.);
#683=EDGE_CURVE('',#948,#947,#1110,.T.);
#684=EDGE_CURVE('',#948,#949,#1111,.F.);
#685=EDGE_CURVE('',#950,#949,#1112,.T.);
#686=EDGE_CURVE('',#950,#951,#1113,.T.);
#687=EDGE_CURVE('',#951,#952,#67,.T.);
#688=EDGE_CURVE('',#953,#952,#1114,.T.);
#689=EDGE_CURVE('',#953,#931,#68,.T.);
#690=EDGE_CURVE('',#936,#954,#1115,.T.);
#691=EDGE_CURVE('',#954,#955,#1116,.T.);
#692=EDGE_CURVE('',#937,#955,#1117,.T.);
#693=EDGE_CURVE('',#956,#957,#1118,.T.);
#694=EDGE_CURVE('',#957,#958,#69,.F.);
#695=EDGE_CURVE('',#958,#959,#1119,.T.);
#696=EDGE_CURVE('',#956,#959,#70,.T.);
#697=EDGE_CURVE('',#946,#960,#1120,.T.);
#698=EDGE_CURVE('',#945,#961,#1121,.T.);
#699=EDGE_CURVE('',#961,#960,#1122,.T.);
#700=EDGE_CURVE('',#941,#962,#1123,.T.);
#701=EDGE_CURVE('',#940,#963,#1124,.T.);
#702=EDGE_CURVE('',#963,#964,#1125,.T.);
#703=EDGE_CURVE('',#964,#962,#1126,.T.);
#704=EDGE_CURVE('',#928,#965,#1127,.T.);
#705=EDGE_CURVE('',#965,#966,#1128,.T.);
#706=EDGE_CURVE('',#929,#966,#1129,.T.);
#707=EDGE_CURVE('',#965,#967,#71,.T.);
#708=EDGE_CURVE('',#927,#967,#1130,.T.);
#709=EDGE_CURVE('',#968,#966,#72,.T.);
#710=EDGE_CURVE('',#922,#968,#1131,.T.);
#711=EDGE_CURVE('',#952,#969,#1132,.T.);
#712=EDGE_CURVE('',#969,#970,#1133,.T.);
#713=EDGE_CURVE('',#953,#970,#1134,.T.);
#714=EDGE_CURVE('',#970,#971,#73,.T.);
#715=EDGE_CURVE('',#931,#971,#1135,.T.);
#716=EDGE_CURVE('',#930,#972,#1136,.T.);
#717=EDGE_CURVE('',#971,#972,#1137,.T.);
#718=EDGE_CURVE('',#955,#973,#74,.T.);
#719=EDGE_CURVE('',#938,#973,#1138,.T.);
#720=EDGE_CURVE('',#973,#974,#1139,.T.);
#721=EDGE_CURVE('',#939,#974,#1140,.T.);
#722=EDGE_CURVE('',#974,#963,#75,.T.);
#723=EDGE_CURVE('',#950,#975,#1141,.T.);
#724=EDGE_CURVE('',#975,#976,#1142,.T.);
#725=EDGE_CURVE('',#976,#977,#1143,.T.);
#726=EDGE_CURVE('',#951,#977,#1144,.T.);
#727=EDGE_CURVE('',#968,#978,#1145,.T.);
#728=EDGE_CURVE('',#923,#978,#1146,.T.);
#729=EDGE_CURVE('',#978,#979,#76,.F.);
#730=EDGE_CURVE('',#924,#979,#1147,.T.);
#731=EDGE_CURVE('',#980,#979,#1148,.T.);
#732=EDGE_CURVE('',#925,#980,#1149,.T.);
#733=EDGE_CURVE('',#980,#981,#77,.F.);
#734=EDGE_CURVE('',#926,#981,#1150,.T.);
#735=EDGE_CURVE('',#967,#981,#1151,.T.);
#736=EDGE_CURVE('',#977,#969,#78,.T.);
#737=EDGE_CURVE('',#982,#983,#79,.F.);
#738=EDGE_CURVE('',#983,#984,#1152,.T.);
#739=EDGE_CURVE('',#984,#985,#80,.F.);
#740=EDGE_CURVE('',#985,#986,#1153,.T.);
#741=EDGE_CURVE('',#986,#987,#81,.F.);
#742=EDGE_CURVE('',#987,#988,#1154,.T.);
#743=EDGE_CURVE('',#988,#989,#82,.F.);
#744=EDGE_CURVE('',#989,#982,#1155,.T.);
#745=EDGE_CURVE('',#977,#987,#1156,.T.);
#746=EDGE_CURVE('',#976,#960,#1157,.T.);
#747=EDGE_CURVE('',#964,#961,#1158,.T.);
#748=EDGE_CURVE('',#988,#963,#1159,.T.);
#749=EDGE_CURVE('',#989,#974,#1160,.T.);
#750=EDGE_CURVE('',#969,#986,#1161,.T.);
#751=EDGE_CURVE('',#982,#973,#1162,.T.);
#752=EDGE_CURVE('',#970,#985,#1163,.T.);
#753=EDGE_CURVE('',#983,#955,#1164,.T.);
#754=EDGE_CURVE('',#971,#984,#1165,.T.);
#755=EDGE_CURVE('',#954,#921,#1166,.T.);
#756=EDGE_CURVE('',#972,#920,#1167,.T.);
#757=EDGE_CURVE('',#958,#964,#1168,.T.);
#758=EDGE_CURVE('',#961,#959,#1169,.T.);
#759=EDGE_CURVE('',#990,#942,#83,.T.);
#760=EDGE_CURVE('',#962,#991,#1170,.T.);
#761=EDGE_CURVE('',#991,#992,#84,.T.);
#762=EDGE_CURVE('',#992,#990,#1171,.T.);
#763=EDGE_CURVE('',#993,#993,#85,.T.);
#764=EDGE_CURVE('',#994,#944,#86,.T.);
#765=EDGE_CURVE('',#994,#956,#1172,.T.);
#766=EDGE_CURVE('',#995,#996,#1173,.T.);
#767=EDGE_CURVE('',#995,#997,#87,.T.);
#768=EDGE_CURVE('',#997,#998,#1174,.T.);
#769=EDGE_CURVE('',#998,#996,#88,.T.);
#770=EDGE_CURVE('',#976,#995,#1175,.T.);
#771=EDGE_CURVE('',#960,#996,#1176,.T.);
#772=EDGE_CURVE('',#949,#999,#89,.F.);
#773=EDGE_CURVE('',#999,#1000,#1177,.T.);
#774=EDGE_CURVE('',#1000,#1001,#90,.F.);
#775=EDGE_CURVE('',#1001,#975,#1178,.T.);
#776=EDGE_CURVE('',#1002,#998,#1179,.T.);
#777=EDGE_CURVE('',#1002,#947,#91,.T.);
#778=EDGE_CURVE('',#1003,#1003,#92,.T.);
#779=EDGE_CURVE('',#1004,#1004,#93,.F.);
#780=EDGE_CURVE('',#1005,#1005,#94,.T.);
#781=EDGE_CURVE('',#997,#1006,#1180,.T.);
#782=EDGE_CURVE('',#1006,#1002,#1181,.T.);
#783=EDGE_CURVE('',#1006,#948,#95,.T.);
#784=EDGE_CURVE('',#943,#1007,#96,.F.);
#785=EDGE_CURVE('',#994,#1007,#1182,.T.);
#786=EDGE_CURVE('',#1007,#957,#1183,.T.);
#787=EDGE_CURVE('',#995,#1001,#1184,.T.);
#788=EDGE_CURVE('',#997,#1000,#22,.F.);
#789=EDGE_CURVE('',#1006,#999,#1185,.T.);
#790=EDGE_CURVE('',#991,#958,#1186,.T.);
#791=EDGE_CURVE('',#992,#957,#23,.F.);
#792=EDGE_CURVE('',#990,#1007,#1187,.T.);
#793=EDGE_CURVE('',#1008,#921,#1188,.T.);
#794=EDGE_CURVE('',#1009,#954,#1189,.T.);
#795=EDGE_CURVE('',#1009,#1008,#1190,.T.);
#796=EDGE_CURVE('',#934,#1008,#1191,.T.);
#797=EDGE_CURVE('',#935,#1009,#1192,.T.);
#798=EDGE_CURVE('',#1010,#920,#1193,.T.);
#799=EDGE_CURVE('',#1011,#1010,#1194,.T.);
#800=EDGE_CURVE('',#1011,#972,#1195,.T.);
#801=EDGE_CURVE('',#932,#1011,#1196,.T.);
#802=EDGE_CURVE('',#933,#1010,#1197,.T.);
#803=EDGE_CURVE('',#1012,#1013,#1198,.T.);
#804=EDGE_CURVE('',#1013,#1014,#1199,.T.);
#805=EDGE_CURVE('',#1015,#1014,#1200,.T.);
#806=EDGE_CURVE('',#1016,#1015,#1201,.T.);
#807=EDGE_CURVE('',#1016,#1017,#1202,.T.);
#808=EDGE_CURVE('',#1017,#1018,#1203,.T.);
#809=EDGE_CURVE('',#1018,#1019,#1204,.T.);
#810=EDGE_CURVE('',#1012,#1019,#1205,.T.);
#811=EDGE_CURVE('',#1020,#1021,#1206,.T.);
#812=EDGE_CURVE('',#1022,#1020,#1207,.T.);
#813=EDGE_CURVE('',#1022,#1023,#1208,.T.);
#814=EDGE_CURVE('',#1023,#1021,#1209,.T.);
#815=EDGE_CURVE('',#1024,#1025,#97,.F.);
#816=EDGE_CURVE('',#1025,#1026,#1210,.T.);
#817=EDGE_CURVE('',#1026,#1027,#98,.F.);
#818=EDGE_CURVE('',#1027,#1028,#1211,.T.);
#819=EDGE_CURVE('',#1028,#1029,#99,.F.);
#820=EDGE_CURVE('',#1029,#1030,#1212,.T.);
#821=EDGE_CURVE('',#1030,#1031,#100,.F.);
#822=EDGE_CURVE('',#1031,#1024,#1213,.T.);
#823=EDGE_CURVE('',#1032,#1033,#1214,.T.);
#824=EDGE_CURVE('',#1034,#1032,#1215,.T.);
#825=EDGE_CURVE('',#1034,#1035,#1216,.T.);
#826=EDGE_CURVE('',#1035,#1033,#1217,.T.);
#827=EDGE_CURVE('',#1036,#1037,#1218,.T.);
#828=EDGE_CURVE('',#1037,#1038,#1219,.T.);
#829=EDGE_CURVE('',#1039,#1038,#1220,.T.);
#830=EDGE_CURVE('',#1036,#1039,#1221,.T.);
#831=EDGE_CURVE('',#1040,#1041,#1222,.T.);
#832=EDGE_CURVE('',#1041,#1042,#1223,.T.);
#833=EDGE_CURVE('',#1043,#1042,#1224,.T.);
#834=EDGE_CURVE('',#1040,#1043,#1225,.T.);
#835=EDGE_CURVE('',#1044,#1045,#1226,.T.);
#836=EDGE_CURVE('',#1046,#1044,#1227,.T.);
#837=EDGE_CURVE('',#1046,#1047,#1228,.T.);
#838=EDGE_CURVE('',#1047,#1045,#1229,.T.);
#839=EDGE_CURVE('',#1048,#1049,#1230,.T.);
#840=EDGE_CURVE('',#1049,#1050,#1231,.T.);
#841=EDGE_CURVE('',#1051,#1050,#1232,.T.);
#842=EDGE_CURVE('',#1048,#1051,#1233,.T.);
#843=EDGE_CURVE('',#1041,#1052,#101,.T.);
#844=EDGE_CURVE('',#1040,#1053,#102,.T.);
#845=EDGE_CURVE('',#1053,#1052,#1234,.T.);
#846=EDGE_CURVE('',#1054,#1042,#103,.T.);
#847=EDGE_CURVE('',#1055,#1054,#1235,.T.);
#848=EDGE_CURVE('',#1055,#1043,#104,.T.);
#849=EDGE_CURVE('',#1038,#1033,#105,.T.);
#850=EDGE_CURVE('',#1039,#1035,#106,.T.);
#851=EDGE_CURVE('',#1045,#1050,#107,.T.);
#852=EDGE_CURVE('',#1047,#1051,#108,.T.);
#853=EDGE_CURVE('',#1056,#1057,#1236,.T.);
#854=EDGE_CURVE('',#1057,#1058,#1237,.T.);
#855=EDGE_CURVE('',#1059,#1058,#1238,.T.);
#856=EDGE_CURVE('',#1059,#1056,#1239,.T.);
#857=EDGE_CURVE('',#1058,#1018,#109,.T.);
#858=EDGE_CURVE('',#1059,#1017,#110,.T.);
#859=EDGE_CURVE('',#1019,#1060,#111,.T.);
#860=EDGE_CURVE('',#1061,#1060,#1240,.T.);
#861=EDGE_CURVE('',#1012,#1061,#112,.T.);
#862=EDGE_CURVE('',#1060,#1062,#1241,.T.);
#863=EDGE_CURVE('',#1063,#1062,#1242,.T.);
#864=EDGE_CURVE('',#1061,#1063,#1243,.T.);
#865=EDGE_CURVE('',#1062,#1023,#113,.T.);
#866=EDGE_CURVE('',#1063,#1022,#114,.T.);
#867=EDGE_CURVE('',#1064,#1065,#1244,.T.);
#868=EDGE_CURVE('',#1064,#1066,#1245,.T.);
#869=EDGE_CURVE('',#1066,#1067,#1246,.T.);
#870=EDGE_CURVE('',#1065,#1067,#1247,.T.);
#871=EDGE_CURVE('',#1054,#1068,#1248,.T.);
#872=EDGE_CURVE('',#1069,#1068,#1249,.T.);
#873=EDGE_CURVE('',#1055,#1069,#1250,.T.);
#874=EDGE_CURVE('',#1068,#1037,#1251,.T.);
#875=EDGE_CURVE('',#1069,#1036,#1252,.T.);
#876=EDGE_CURVE('',#1070,#1032,#1253,.T.);
#877=EDGE_CURVE('',#1071,#1070,#1254,.T.);
#878=EDGE_CURVE('',#1071,#1034,#1255,.T.);
#879=EDGE_CURVE('',#1072,#1070,#1256,.T.);
#880=EDGE_CURVE('',#1073,#1072,#1257,.T.);
#881=EDGE_CURVE('',#1073,#1071,#1258,.T.);
#882=EDGE_CURVE('',#1072,#1049,#1259,.T.);
#883=EDGE_CURVE('',#1073,#1048,#1260,.T.);
#884=EDGE_CURVE('',#1074,#1044,#1261,.T.);
#885=EDGE_CURVE('',#1075,#1074,#1262,.T.);
#886=EDGE_CURVE('',#1075,#1046,#1263,.T.);
#887=EDGE_CURVE('',#1052,#1074,#1264,.T.);
#888=EDGE_CURVE('',#1053,#1075,#1265,.T.);
#889=EDGE_CURVE('',#1067,#1057,#115,.T.);
#890=EDGE_CURVE('',#1065,#1056,#116,.T.);
#891=EDGE_CURVE('',#1013,#1076,#1266,.T.);
#892=EDGE_CURVE('',#1020,#1064,#1267,.T.);
#893=EDGE_CURVE('',#1016,#1077,#1268,.T.);
#894=EDGE_CURVE('',#1077,#1076,#1269,.T.);
#895=EDGE_CURVE('',#1067,#1029,#1270,.T.);
#896=EDGE_CURVE('',#1021,#1066,#1271,.T.);
#897=EDGE_CURVE('',#1030,#1023,#1272,.T.);
#898=EDGE_CURVE('',#1031,#1062,#1273,.T.);
#899=EDGE_CURVE('',#1057,#1028,#1274,.T.);
#900=EDGE_CURVE('',#1024,#1060,#1275,.T.);
#901=EDGE_CURVE('',#1058,#1027,#1276,.T.);
#902=EDGE_CURVE('',#1025,#1019,#1277,.T.);
#903=EDGE_CURVE('',#1018,#1026,#1278,.T.);
#904=EDGE_CURVE('',#1066,#1078,#1279,.T.);
#905=EDGE_CURVE('',#1079,#1078,#1280,.T.);
#906=EDGE_CURVE('',#1021,#1079,#1281,.T.);
#907=EDGE_CURVE('',#1064,#1078,#117,.T.);
#908=EDGE_CURVE('',#1020,#1079,#118,.T.);
#909=EDGE_CURVE('',#1080,#1080,#119,.T.);
#910=EDGE_CURVE('',#1081,#1081,#120,.F.);
#911=EDGE_CURVE('',#1082,#1082,#121,.T.);
#912=EDGE_CURVE('',#1083,#1083,#122,.F.);
#913=EDGE_CURVE('',#1014,#1084,#1282,.T.);
#914=EDGE_CURVE('',#1085,#1084,#1283,.T.);
#915=EDGE_CURVE('',#1015,#1085,#1284,.T.);
#916=EDGE_CURVE('',#1076,#1084,#1285,.T.);
#917=EDGE_CURVE('',#1077,#1085,#1286,.T.);
#918=VERTEX_POINT('',#2672);
#919=VERTEX_POINT('',#2673);
#920=VERTEX_POINT('',#2675);
#921=VERTEX_POINT('',#2677);
#922=VERTEX_POINT('',#2681);
#923=VERTEX_POINT('',#2682);
#924=VERTEX_POINT('',#2684);
#925=VERTEX_POINT('',#2686);
#926=VERTEX_POINT('',#2688);
#927=VERTEX_POINT('',#2690);
#928=VERTEX_POINT('',#2692);
#929=VERTEX_POINT('',#2694);
#930=VERTEX_POINT('',#2697);
#931=VERTEX_POINT('',#2698);
#932=VERTEX_POINT('',#2700);
#933=VERTEX_POINT('',#2702);
#934=VERTEX_POINT('',#2705);
#935=VERTEX_POINT('',#2707);
#936=VERTEX_POINT('',#2709);
#937=VERTEX_POINT('',#2711);
#938=VERTEX_POINT('',#2713);
#939=VERTEX_POINT('',#2715);
#940=VERTEX_POINT('',#2717);
#941=VERTEX_POINT('',#2719);
#942=VERTEX_POINT('',#2721);
#943=VERTEX_POINT('',#2723);
#944=VERTEX_POINT('',#2725);
#945=VERTEX_POINT('',#2727);
#946=VERTEX_POINT('',#2729);
#947=VERTEX_POINT('',#2731);
#948=VERTEX_POINT('',#2733);
#949=VERTEX_POINT('',#2735);
#950=VERTEX_POINT('',#2737);
#951=VERTEX_POINT('',#2739);
#952=VERTEX_POINT('',#2741);
#953=VERTEX_POINT('',#2743);
#954=VERTEX_POINT('',#2747);
#955=VERTEX_POINT('',#2749);
#956=VERTEX_POINT('',#2753);
#957=VERTEX_POINT('',#2754);
#958=VERTEX_POINT('',#2756);
#959=VERTEX_POINT('',#2758);
#960=VERTEX_POINT('',#2762);
#961=VERTEX_POINT('',#2764);
#962=VERTEX_POINT('',#2768);
#963=VERTEX_POINT('',#2770);
#964=VERTEX_POINT('',#2772);
#965=VERTEX_POINT('',#2776);
#966=VERTEX_POINT('',#2778);
#967=VERTEX_POINT('',#2782);
#968=VERTEX_POINT('',#2786);
#969=VERTEX_POINT('',#2790);
#970=VERTEX_POINT('',#2792);
#971=VERTEX_POINT('',#2796);
#972=VERTEX_POINT('',#2800);
#973=VERTEX_POINT('',#2804);
#974=VERTEX_POINT('',#2808);
#975=VERTEX_POINT('',#2814);
#976=VERTEX_POINT('',#2816);
#977=VERTEX_POINT('',#2818);
#978=VERTEX_POINT('',#2822);
#979=VERTEX_POINT('',#2826);
#980=VERTEX_POINT('',#2830);
#981=VERTEX_POINT('',#2834);
#982=VERTEX_POINT('',#2843);
#983=VERTEX_POINT('',#2844);
#984=VERTEX_POINT('',#2846);
#985=VERTEX_POINT('',#2848);
#986=VERTEX_POINT('',#2850);
#987=VERTEX_POINT('',#2852);
#988=VERTEX_POINT('',#2854);
#989=VERTEX_POINT('',#2856);
#990=VERTEX_POINT('',#2883);
#991=VERTEX_POINT('',#2885);
#992=VERTEX_POINT('',#2887);
#993=VERTEX_POINT('',#2891);
#994=VERTEX_POINT('',#2893);
#995=VERTEX_POINT('',#2897);
#996=VERTEX_POINT('',#2898);
#997=VERTEX_POINT('',#2900);
#998=VERTEX_POINT('',#2902);
#999=VERTEX_POINT('',#2909);
#1000=VERTEX_POINT('',#2911);
#1001=VERTEX_POINT('',#2913);
#1002=VERTEX_POINT('',#2917);
#1003=VERTEX_POINT('',#2920);
#1004=VERTEX_POINT('',#2923);
#1005=VERTEX_POINT('',#2926);
#1006=VERTEX_POINT('',#2931);
#1007=VERTEX_POINT('',#2937);
#1008=VERTEX_POINT('',#2963);
#1009=VERTEX_POINT('',#2965);
#1010=VERTEX_POINT('',#2974);
#1011=VERTEX_POINT('',#2976);
#1012=VERTEX_POINT('',#2986);
#1013=VERTEX_POINT('',#2987);
#1014=VERTEX_POINT('',#2989);
#1015=VERTEX_POINT('',#2991);
#1016=VERTEX_POINT('',#2993);
#1017=VERTEX_POINT('',#2995);
#1018=VERTEX_POINT('',#2997);
#1019=VERTEX_POINT('',#2999);
#1020=VERTEX_POINT('',#3003);
#1021=VERTEX_POINT('',#3004);
#1022=VERTEX_POINT('',#3006);
#1023=VERTEX_POINT('',#3008);
#1024=VERTEX_POINT('',#3012);
#1025=VERTEX_POINT('',#3013);
#1026=VERTEX_POINT('',#3015);
#1027=VERTEX_POINT('',#3017);
#1028=VERTEX_POINT('',#3019);
#1029=VERTEX_POINT('',#3021);
#1030=VERTEX_POINT('',#3023);
#1031=VERTEX_POINT('',#3025);
#1032=VERTEX_POINT('',#3029);
#1033=VERTEX_POINT('',#3030);
#1034=VERTEX_POINT('',#3032);
#1035=VERTEX_POINT('',#3034);
#1036=VERTEX_POINT('',#3038);
#1037=VERTEX_POINT('',#3039);
#1038=VERTEX_POINT('',#3041);
#1039=VERTEX_POINT('',#3043);
#1040=VERTEX_POINT('',#3047);
#1041=VERTEX_POINT('',#3048);
#1042=VERTEX_POINT('',#3050);
#1043=VERTEX_POINT('',#3052);
#1044=VERTEX_POINT('',#3056);
#1045=VERTEX_POINT('',#3057);
#1046=VERTEX_POINT('',#3059);
#1047=VERTEX_POINT('',#3061);
#1048=VERTEX_POINT('',#3065);
#1049=VERTEX_POINT('',#3066);
#1050=VERTEX_POINT('',#3068);
#1051=VERTEX_POINT('',#3070);
#1052=VERTEX_POINT('',#3074);
#1053=VERTEX_POINT('',#3076);
#1054=VERTEX_POINT('',#3080);
#1055=VERTEX_POINT('',#3082);
#1056=VERTEX_POINT('',#3092);
#1057=VERTEX_POINT('',#3093);
#1058=VERTEX_POINT('',#3095);
#1059=VERTEX_POINT('',#3097);
#1060=VERTEX_POINT('',#3104);
#1061=VERTEX_POINT('',#3106);
#1062=VERTEX_POINT('',#3110);
#1063=VERTEX_POINT('',#3112);
#1064=VERTEX_POINT('',#3119);
#1065=VERTEX_POINT('',#3120);
#1066=VERTEX_POINT('',#3122);
#1067=VERTEX_POINT('',#3124);
#1068=VERTEX_POINT('',#3128);
#1069=VERTEX_POINT('',#3130);
#1070=VERTEX_POINT('',#3137);
#1071=VERTEX_POINT('',#3139);
#1072=VERTEX_POINT('',#3143);
#1073=VERTEX_POINT('',#3145);
#1074=VERTEX_POINT('',#3152);
#1075=VERTEX_POINT('',#3154);
#1076=VERTEX_POINT('',#3164);
#1077=VERTEX_POINT('',#3167);
#1078=VERTEX_POINT('',#3189);
#1079=VERTEX_POINT('',#3191);
#1080=VERTEX_POINT('',#3198);
#1081=VERTEX_POINT('',#3201);
#1082=VERTEX_POINT('',#3204);
#1083=VERTEX_POINT('',#3207);
#1084=VERTEX_POINT('',#3212);
#1085=VERTEX_POINT('',#3214);
#1086=LINE('',#2671,#1287);
#1087=LINE('',#2674,#1288);
#1088=LINE('',#2676,#1289);
#1089=LINE('',#2678,#1290);
#1090=LINE('',#2680,#1291);
#1091=LINE('',#2685,#1292);
#1092=LINE('',#2689,#1293);
#1093=LINE('',#2693,#1294);
#1094=LINE('',#2696,#1295);
#1095=LINE('',#2699,#1296);
#1096=LINE('',#2701,#1297);
#1097=LINE('',#2703,#1298);
#1098=LINE('',#2704,#1299);
#1099=LINE('',#2706,#1300);
#1100=LINE('',#2708,#1301);
#1101=LINE('',#2710,#1302);
#1102=LINE('',#2714,#1303);
#1103=LINE('',#2718,#1304);
#1104=LINE('',#2720,#1305);
#1105=LINE('',#2722,#1306);
#1106=LINE('',#2724,#1307);
#1107=LINE('',#2726,#1308);
#1108=LINE('',#2728,#1309);
#1109=LINE('',#2730,#1310);
#1110=LINE('',#2732,#1311);
#1111=LINE('',#2734,#1312);
#1112=LINE('',#2736,#1313);
#1113=LINE('',#2738,#1314);
#1114=LINE('',#2742,#1315);
#1115=LINE('',#2746,#1316);
#1116=LINE('',#2748,#1317);
#1117=LINE('',#2750,#1318);
#1118=LINE('',#2752,#1319);
#1119=LINE('',#2757,#1320);
#1120=LINE('',#2761,#1321);
#1121=LINE('',#2763,#1322);
#1122=LINE('',#2765,#1323);
#1123=LINE('',#2767,#1324);
#1124=LINE('',#2769,#1325);
#1125=LINE('',#2771,#1326);
#1126=LINE('',#2773,#1327);
#1127=LINE('',#2775,#1328);
#1128=LINE('',#2777,#1329);
#1129=LINE('',#2779,#1330);
#1130=LINE('',#2783,#1331);
#1131=LINE('',#2787,#1332);
#1132=LINE('',#2789,#1333);
#1133=LINE('',#2791,#1334);
#1134=LINE('',#2793,#1335);
#1135=LINE('',#2797,#1336);
#1136=LINE('',#2799,#1337);
#1137=LINE('',#2801,#1338);
#1138=LINE('',#2805,#1339);
#1139=LINE('',#2807,#1340);
#1140=LINE('',#2809,#1341);
#1141=LINE('',#2813,#1342);
#1142=LINE('',#2815,#1343);
#1143=LINE('',#2817,#1344);
#1144=LINE('',#2819,#1345);
#1145=LINE('',#2821,#1346);
#1146=LINE('',#2823,#1347);
#1147=LINE('',#2827,#1348);
#1148=LINE('',#2829,#1349);
#1149=LINE('',#2831,#1350);
#1150=LINE('',#2835,#1351);
#1151=LINE('',#2837,#1352);
#1152=LINE('',#2845,#1353);
#1153=LINE('',#2849,#1354);
#1154=LINE('',#2853,#1355);
#1155=LINE('',#2857,#1356);
#1156=LINE('',#2859,#1357);
#1157=LINE('',#2860,#1358);
#1158=LINE('',#2861,#1359);
#1159=LINE('',#2862,#1360);
#1160=LINE('',#2864,#1361);
#1161=LINE('',#2866,#1362);
#1162=LINE('',#2868,#1363);
#1163=LINE('',#2870,#1364);
#1164=LINE('',#2872,#1365);
#1165=LINE('',#2874,#1366);
#1166=LINE('',#2876,#1367);
#1167=LINE('',#2877,#1368);
#1168=LINE('',#2879,#1369);
#1169=LINE('',#2880,#1370);
#1170=LINE('',#2884,#1371);
#1171=LINE('',#2888,#1372);
#1172=LINE('',#2894,#1373);
#1173=LINE('',#2896,#1374);
#1174=LINE('',#2901,#1375);
#1175=LINE('',#2905,#1376);
#1176=LINE('',#2906,#1377);
#1177=LINE('',#2910,#1378);
#1178=LINE('',#2914,#1379);
#1179=LINE('',#2916,#1380);
#1180=LINE('',#2930,#1381);
#1181=LINE('',#2932,#1382);
#1182=LINE('',#2938,#1383);
#1183=LINE('',#2940,#1384);
#1184=LINE('',#2942,#1385);
#1185=LINE('',#2949,#1386);
#1186=LINE('',#2952,#1387);
#1187=LINE('',#2959,#1388);
#1188=LINE('',#2962,#1389);
#1189=LINE('',#2964,#1390);
#1190=LINE('',#2966,#1391);
#1191=LINE('',#2968,#1392);
#1192=LINE('',#2969,#1393);
#1193=LINE('',#2973,#1394);
#1194=LINE('',#2975,#1395);
#1195=LINE('',#2977,#1396);
#1196=LINE('',#2979,#1397);
#1197=LINE('',#2980,#1398);
#1198=LINE('',#2985,#1399);
#1199=LINE('',#2988,#1400);
#1200=LINE('',#2990,#1401);
#1201=LINE('',#2992,#1402);
#1202=LINE('',#2994,#1403);
#1203=LINE('',#2996,#1404);
#1204=LINE('',#2998,#1405);
#1205=LINE('',#3000,#1406);
#1206=LINE('',#3002,#1407);
#1207=LINE('',#3005,#1408);
#1208=LINE('',#3007,#1409);
#1209=LINE('',#3009,#1410);
#1210=LINE('',#3014,#1411);
#1211=LINE('',#3018,#1412);
#1212=LINE('',#3022,#1413);
#1213=LINE('',#3026,#1414);
#1214=LINE('',#3028,#1415);
#1215=LINE('',#3031,#1416);
#1216=LINE('',#3033,#1417);
#1217=LINE('',#3035,#1418);
#1218=LINE('',#3037,#1419);
#1219=LINE('',#3040,#1420);
#1220=LINE('',#3042,#1421);
#1221=LINE('',#3044,#1422);
#1222=LINE('',#3046,#1423);
#1223=LINE('',#3049,#1424);
#1224=LINE('',#3051,#1425);
#1225=LINE('',#3053,#1426);
#1226=LINE('',#3055,#1427);
#1227=LINE('',#3058,#1428);
#1228=LINE('',#3060,#1429);
#1229=LINE('',#3062,#1430);
#1230=LINE('',#3064,#1431);
#1231=LINE('',#3067,#1432);
#1232=LINE('',#3069,#1433);
#1233=LINE('',#3071,#1434);
#1234=LINE('',#3077,#1435);
#1235=LINE('',#3081,#1436);
#1236=LINE('',#3091,#1437);
#1237=LINE('',#3094,#1438);
#1238=LINE('',#3096,#1439);
#1239=LINE('',#3098,#1440);
#1240=LINE('',#3105,#1441);
#1241=LINE('',#3109,#1442);
#1242=LINE('',#3111,#1443);
#1243=LINE('',#3113,#1444);
#1244=LINE('',#3118,#1445);
#1245=LINE('',#3121,#1446);
#1246=LINE('',#3123,#1447);
#1247=LINE('',#3125,#1448);
#1248=LINE('',#3127,#1449);
#1249=LINE('',#3129,#1450);
#1250=LINE('',#3131,#1451);
#1251=LINE('',#3133,#1452);
#1252=LINE('',#3134,#1453);
#1253=LINE('',#3136,#1454);
#1254=LINE('',#3138,#1455);
#1255=LINE('',#3140,#1456);
#1256=LINE('',#3142,#1457);
#1257=LINE('',#3144,#1458);
#1258=LINE('',#3146,#1459);
#1259=LINE('',#3148,#1460);
#1260=LINE('',#3149,#1461);
#1261=LINE('',#3151,#1462);
#1262=LINE('',#3153,#1463);
#1263=LINE('',#3155,#1464);
#1264=LINE('',#3157,#1465);
#1265=LINE('',#3158,#1466);
#1266=LINE('',#3163,#1467);
#1267=LINE('',#3165,#1468);
#1268=LINE('',#3166,#1469);
#1269=LINE('',#3168,#1470);
#1270=LINE('',#3171,#1471);
#1271=LINE('',#3172,#1472);
#1272=LINE('',#3173,#1473);
#1273=LINE('',#3175,#1474);
#1274=LINE('',#3177,#1475);
#1275=LINE('',#3179,#1476);
#1276=LINE('',#3181,#1477);
#1277=LINE('',#3183,#1478);
#1278=LINE('',#3185,#1479);
#1279=LINE('',#3188,#1480);
#1280=LINE('',#3190,#1481);
#1281=LINE('',#3192,#1482);
#1282=LINE('',#3211,#1483);
#1283=LINE('',#3213,#1484);
#1284=LINE('',#3215,#1485);
#1285=LINE('',#3217,#1486);
#1286=LINE('',#3218,#1487);
#1287=VECTOR('',#2120,1.);
#1288=VECTOR('',#2121,1.);
#1289=VECTOR('',#2122,1.);
#1290=VECTOR('',#2123,1.);
#1291=VECTOR('',#2126,1.);
#1292=VECTOR('',#2129,1.);
#1293=VECTOR('',#2132,1.);
#1294=VECTOR('',#2135,1.);
#1295=VECTOR('',#2138,1.);
#1296=VECTOR('',#2139,1.);
#1297=VECTOR('',#2140,1.);
#1298=VECTOR('',#2141,1.);
#1299=VECTOR('',#2142,1.);
#1300=VECTOR('',#2143,1.);
#1301=VECTOR('',#2144,1.);
#1302=VECTOR('',#2145,1.);
#1303=VECTOR('',#2148,1.);
#1304=VECTOR('',#2151,1.);
#1305=VECTOR('',#2152,1.);
#1306=VECTOR('',#2153,1.);
#1307=VECTOR('',#2154,1.);
#1308=VECTOR('',#2155,1.);
#1309=VECTOR('',#2156,1.);
#1310=VECTOR('',#2157,1.);
#1311=VECTOR('',#2158,1.);
#1312=VECTOR('',#2159,1.);
#1313=VECTOR('',#2160,1.);
#1314=VECTOR('',#2161,1.);
#1315=VECTOR('',#2164,1.);
#1316=VECTOR('',#2169,1.);
#1317=VECTOR('',#2170,1.);
#1318=VECTOR('',#2171,1.);
#1319=VECTOR('',#2174,1.);
#1320=VECTOR('',#2177,1.);
#1321=VECTOR('',#2182,1.);
#1322=VECTOR('',#2183,1.);
#1323=VECTOR('',#2184,1.);
#1324=VECTOR('',#2187,1.);
#1325=VECTOR('',#2188,1.);
#1326=VECTOR('',#2189,1.);
#1327=VECTOR('',#2190,1.);
#1328=VECTOR('',#2193,1.);
#1329=VECTOR('',#2194,1.);
#1330=VECTOR('',#2195,1.);
#1331=VECTOR('',#2200,1.);
#1332=VECTOR('',#2205,1.);
#1333=VECTOR('',#2208,1.);
#1334=VECTOR('',#2209,1.);
#1335=VECTOR('',#2210,1.);
#1336=VECTOR('',#2215,1.);
#1337=VECTOR('',#2218,1.);
#1338=VECTOR('',#2219,1.);
#1339=VECTOR('',#2224,1.);
#1340=VECTOR('',#2227,1.);
#1341=VECTOR('',#2228,1.);
#1342=VECTOR('',#2235,1.);
#1343=VECTOR('',#2236,1.);
#1344=VECTOR('',#2237,1.);
#1345=VECTOR('',#2238,1.);
#1346=VECTOR('',#2241,1.);
#1347=VECTOR('',#2242,1.);
#1348=VECTOR('',#2247,1.);
#1349=VECTOR('',#2250,1.);
#1350=VECTOR('',#2251,1.);
#1351=VECTOR('',#2256,1.);
#1352=VECTOR('',#2259,1.);
#1353=VECTOR('',#2270,1.);
#1354=VECTOR('',#2273,1.);
#1355=VECTOR('',#2276,1.);
#1356=VECTOR('',#2279,1.);
#1357=VECTOR('',#2282,1.);
#1358=VECTOR('',#2283,1.);
#1359=VECTOR('',#2284,1.);
#1360=VECTOR('',#2285,1.);
#1361=VECTOR('',#2288,1.);
#1362=VECTOR('',#2291,1.);
#1363=VECTOR('',#2294,1.);
#1364=VECTOR('',#2297,1.);
#1365=VECTOR('',#2300,1.);
#1366=VECTOR('',#2303,1.);
#1367=VECTOR('',#2306,1.);
#1368=VECTOR('',#2307,1.);
#1369=VECTOR('',#2310,1.);
#1370=VECTOR('',#2311,1.);
#1371=VECTOR('',#2316,1.);
#1372=VECTOR('',#2319,1.);
#1373=VECTOR('',#2326,1.);
#1374=VECTOR('',#2329,1.);
#1375=VECTOR('',#2332,1.);
#1376=VECTOR('',#2337,1.);
#1377=VECTOR('',#2338,1.);
#1378=VECTOR('',#2343,1.);
#1379=VECTOR('',#2346,1.);
#1380=VECTOR('',#2349,1.);
#1381=VECTOR('',#2368,1.);
#1382=VECTOR('',#2369,1.);
#1383=VECTOR('',#2378,1.);
#1384=VECTOR('',#2381,1.);
#1385=VECTOR('',#2384,1.);
#1386=VECTOR('',#2389,1.);
#1387=VECTOR('',#2394,1.);
#1388=VECTOR('',#2399,1.);
#1389=VECTOR('',#2404,1.);
#1390=VECTOR('',#2405,1.);
#1391=VECTOR('',#2406,1.);
#1392=VECTOR('',#2409,1.);
#1393=VECTOR('',#2410,1.);
#1394=VECTOR('',#2417,1.);
#1395=VECTOR('',#2418,1.);
#1396=VECTOR('',#2419,1.);
#1397=VECTOR('',#2422,1.);
#1398=VECTOR('',#2423,1.);
#1399=VECTOR('',#2432,1.);
#1400=VECTOR('',#2433,1.);
#1401=VECTOR('',#2434,1.);
#1402=VECTOR('',#2435,1.);
#1403=VECTOR('',#2436,1.);
#1404=VECTOR('',#2437,1.);
#1405=VECTOR('',#2438,1.);
#1406=VECTOR('',#2439,1.);
#1407=VECTOR('',#2442,1.);
#1408=VECTOR('',#2443,1.);
#1409=VECTOR('',#2444,1.);
#1410=VECTOR('',#2445,1.);
#1411=VECTOR('',#2450,1.);
#1412=VECTOR('',#2453,1.);
#1413=VECTOR('',#2456,1.);
#1414=VECTOR('',#2459,1.);
#1415=VECTOR('',#2462,1.);
#1416=VECTOR('',#2463,1.);
#1417=VECTOR('',#2464,1.);
#1418=VECTOR('',#2465,1.);
#1419=VECTOR('',#2468,1.);
#1420=VECTOR('',#2469,1.);
#1421=VECTOR('',#2470,1.);
#1422=VECTOR('',#2471,1.);
#1423=VECTOR('',#2474,1.);
#1424=VECTOR('',#2475,1.);
#1425=VECTOR('',#2476,1.);
#1426=VECTOR('',#2477,1.);
#1427=VECTOR('',#2480,1.);
#1428=VECTOR('',#2481,1.);
#1429=VECTOR('',#2482,1.);
#1430=VECTOR('',#2483,1.);
#1431=VECTOR('',#2486,1.);
#1432=VECTOR('',#2487,1.);
#1433=VECTOR('',#2488,1.);
#1434=VECTOR('',#2489,1.);
#1435=VECTOR('',#2496,1.);
#1436=VECTOR('',#2501,1.);
#1437=VECTOR('',#2518,1.);
#1438=VECTOR('',#2519,1.);
#1439=VECTOR('',#2520,1.);
#1440=VECTOR('',#2521,1.);
#1441=VECTOR('',#2532,1.);
#1442=VECTOR('',#2537,1.);
#1443=VECTOR('',#2538,1.);
#1444=VECTOR('',#2539,1.);
#1445=VECTOR('',#2548,1.);
#1446=VECTOR('',#2549,1.);
#1447=VECTOR('',#2550,1.);
#1448=VECTOR('',#2551,1.);
#1449=VECTOR('',#2554,1.);
#1450=VECTOR('',#2555,1.);
#1451=VECTOR('',#2556,1.);
#1452=VECTOR('',#2559,1.);
#1453=VECTOR('',#2560,1.);
#1454=VECTOR('',#2563,1.);
#1455=VECTOR('',#2564,1.);
#1456=VECTOR('',#2565,1.);
#1457=VECTOR('',#2568,1.);
#1458=VECTOR('',#2569,1.);
#1459=VECTOR('',#2570,1.);
#1460=VECTOR('',#2573,1.);
#1461=VECTOR('',#2574,1.);
#1462=VECTOR('',#2577,1.);
#1463=VECTOR('',#2578,1.);
#1464=VECTOR('',#2579,1.);
#1465=VECTOR('',#2582,1.);
#1466=VECTOR('',#2583,1.);
#1467=VECTOR('',#2592,1.);
#1468=VECTOR('',#2593,1.);
#1469=VECTOR('',#2594,1.);
#1470=VECTOR('',#2595,1.);
#1471=VECTOR('',#2600,1.);
#1472=VECTOR('',#2601,1.);
#1473=VECTOR('',#2602,1.);
#1474=VECTOR('',#2605,1.);
#1475=VECTOR('',#2608,1.);
#1476=VECTOR('',#2611,1.);
#1477=VECTOR('',#2614,1.);
#1478=VECTOR('',#2617,1.);
#1479=VECTOR('',#2620,1.);
#1480=VECTOR('',#2625,1.);
#1481=VECTOR('',#2626,1.);
#1482=VECTOR('',#2627,1.);
#1483=VECTOR('',#2656,1.);
#1484=VECTOR('',#2657,1.);
#1485=VECTOR('',#2658,1.);
#1486=VECTOR('',#2661,1.);
#1487=VECTOR('',#2662,1.);
#1488=EDGE_LOOP('',(#123,#124,#125,#126));
#1489=EDGE_LOOP('',(#127,#128,#129,#130,#131,#132,#133,#134));
#1490=EDGE_LOOP('',(#135,#136,#137,#138,#139,#140,#141,#142,#143,#144,#145,
#146,#147,#148,#149,#150,#151,#152,#153,#154,#155,#156,#157,#158,#159,#160));
#1491=EDGE_LOOP('',(#161,#162,#163,#164));
#1492=EDGE_LOOP('',(#165,#166,#167,#168));
#1493=EDGE_LOOP('',(#169,#170,#171,#172));
#1494=EDGE_LOOP('',(#173,#174,#175,#176,#177));
#1495=EDGE_LOOP('',(#178,#179,#180,#181));
#1496=EDGE_LOOP('',(#182,#183,#184,#185));
#1497=EDGE_LOOP('',(#186,#187,#188,#189));
#1498=EDGE_LOOP('',(#190,#191,#192,#193));
#1499=EDGE_LOOP('',(#194,#195,#196,#197));
#1500=EDGE_LOOP('',(#198,#199,#200,#201));
#1501=EDGE_LOOP('',(#202,#203,#204,#205));
#1502=EDGE_LOOP('',(#206,#207,#208,#209));
#1503=EDGE_LOOP('',(#210,#211,#212,#213));
#1504=EDGE_LOOP('',(#214,#215,#216,#217,#218));
#1505=EDGE_LOOP('',(#219,#220,#221,#222));
#1506=EDGE_LOOP('',(#223,#224,#225,#226));
#1507=EDGE_LOOP('',(#227,#228,#229,#230));
#1508=EDGE_LOOP('',(#231,#232,#233,#234));
#1509=EDGE_LOOP('',(#235,#236,#237,#238));
#1510=EDGE_LOOP('',(#239,#240,#241,#242));
#1511=EDGE_LOOP('',(#243,#244,#245,#246,#247,#248,#249,#250));
#1512=EDGE_LOOP('',(#251,#252,#253,#254,#255,#256,#257,#258));
#1513=EDGE_LOOP('',(#259,#260,#261,#262,#263,#264,#265,#266));
#1514=EDGE_LOOP('',(#267,#268,#269,#270));
#1515=EDGE_LOOP('',(#271,#272,#273,#274));
#1516=EDGE_LOOP('',(#275,#276,#277,#278));
#1517=EDGE_LOOP('',(#279,#280,#281,#282));
#1518=EDGE_LOOP('',(#283,#284,#285,#286));
#1519=EDGE_LOOP('',(#287,#288,#289,#290));
#1520=EDGE_LOOP('',(#291,#292,#293,#294,#295,#296,#297,#298));
#1521=EDGE_LOOP('',(#299,#300,#301,#302));
#1522=EDGE_LOOP('',(#303,#304,#305,#306,#307,#308));
#1523=EDGE_LOOP('',(#309));
#1524=EDGE_LOOP('',(#310,#311,#312,#313,#314,#315));
#1525=EDGE_LOOP('',(#316,#317,#318,#319));
#1526=EDGE_LOOP('',(#320,#321,#322,#323));
#1527=EDGE_LOOP('',(#324,#325,#326,#327,#328,#329));
#1528=EDGE_LOOP('',(#330,#331,#332,#333,#334,#335));
#1529=EDGE_LOOP('',(#336));
#1530=EDGE_LOOP('',(#337));
#1531=EDGE_LOOP('',(#338));
#1532=EDGE_LOOP('',(#339));
#1533=EDGE_LOOP('',(#340));
#1534=EDGE_LOOP('',(#341));
#1535=EDGE_LOOP('',(#342));
#1536=EDGE_LOOP('',(#343,#344,#345,#346));
#1537=EDGE_LOOP('',(#347,#348,#349,#350));
#1538=EDGE_LOOP('',(#351,#352,#353,#354));
#1539=EDGE_LOOP('',(#355,#356,#357,#358));
#1540=EDGE_LOOP('',(#359,#360,#361,#362));
#1541=EDGE_LOOP('',(#363,#364,#365,#366));
#1542=EDGE_LOOP('',(#367,#368,#369,#370));
#1543=EDGE_LOOP('',(#371,#372,#373,#374));
#1544=EDGE_LOOP('',(#375,#376,#377,#378));
#1545=EDGE_LOOP('',(#379,#380,#381,#382));
#1546=EDGE_LOOP('',(#383,#384,#385,#386));
#1547=EDGE_LOOP('',(#387,#388,#389,#390));
#1548=EDGE_LOOP('',(#391,#392,#393,#394));
#1549=EDGE_LOOP('',(#395,#396,#397,#398));
#1550=EDGE_LOOP('',(#399,#400,#401,#402));
#1551=EDGE_LOOP('',(#403,#404,#405,#406));
#1552=EDGE_LOOP('',(#407,#408,#409,#410));
#1553=EDGE_LOOP('',(#411,#412,#413,#414));
#1554=EDGE_LOOP('',(#415,#416,#417,#418));
#1555=EDGE_LOOP('',(#419,#420,#421,#422));
#1556=EDGE_LOOP('',(#423,#424,#425,#426,#427,#428,#429,#430));
#1557=EDGE_LOOP('',(#431,#432,#433,#434));
#1558=EDGE_LOOP('',(#435,#436,#437,#438,#439,#440,#441,#442));
#1559=EDGE_LOOP('',(#443,#444,#445,#446));
#1560=EDGE_LOOP('',(#447,#448,#449,#450));
#1561=EDGE_LOOP('',(#451,#452,#453,#454));
#1562=EDGE_LOOP('',(#455,#456,#457,#458));
#1563=EDGE_LOOP('',(#459,#460,#461,#462));
#1564=EDGE_LOOP('',(#463,#464,#465,#466));
#1565=EDGE_LOOP('',(#467,#468,#469,#470));
#1566=EDGE_LOOP('',(#471,#472,#473,#474));
#1567=EDGE_LOOP('',(#475,#476,#477,#478));
#1568=EDGE_LOOP('',(#479,#480,#481,#482));
#1569=EDGE_LOOP('',(#483,#484,#485,#486));
#1570=EDGE_LOOP('',(#487,#488,#489,#490));
#1571=EDGE_LOOP('',(#491,#492,#493,#494));
#1572=EDGE_LOOP('',(#495,#496,#497,#498));
#1573=EDGE_LOOP('',(#499,#500,#501,#502));
#1574=EDGE_LOOP('',(#503,#504,#505,#506));
#1575=EDGE_LOOP('',(#507,#508,#509,#510));
#1576=EDGE_LOOP('',(#511,#512,#513,#514));
#1577=EDGE_LOOP('',(#515,#516,#517,#518));
#1578=EDGE_LOOP('',(#519,#520,#521,#522));
#1579=EDGE_LOOP('',(#523,#524,#525,#526));
#1580=EDGE_LOOP('',(#527,#528,#529,#530));
#1581=EDGE_LOOP('',(#531,#532,#533,#534));
#1582=EDGE_LOOP('',(#535,#536,#537,#538,#539,#540,#541,#542,#543,#544,#545,
#546,#547,#548));
#1583=EDGE_LOOP('',(#549,#550,#551,#552,#553,#554,#555,#556,#557,#558,#559,
#560,#561,#562,#563,#564));
#1584=EDGE_LOOP('',(#565,#566,#567,#568,#569,#570,#571,#572,#573,#574,#575,
#576,#577,#578,#579,#580));
#1585=EDGE_LOOP('',(#581,#582,#583,#584,#585,#586));
#1586=EDGE_LOOP('',(#587,#588,#589,#590));
#1587=EDGE_LOOP('',(#591,#592,#593,#594));
#1588=EDGE_LOOP('',(#595,#596,#597,#598));
#1589=EDGE_LOOP('',(#599,#600,#601,#602));
#1590=EDGE_LOOP('',(#603,#604,#605,#606));
#1591=EDGE_LOOP('',(#607,#608,#609,#610));
#1592=EDGE_LOOP('',(#611,#612,#613,#614));
#1593=EDGE_LOOP('',(#615,#616,#617,#618));
#1594=EDGE_LOOP('',(#619,#620,#621,#622));
#1595=EDGE_LOOP('',(#623));
#1596=EDGE_LOOP('',(#624,#625,#626));
#1597=EDGE_LOOP('',(#627));
#1598=EDGE_LOOP('',(#628,#629,#630));
#1599=EDGE_LOOP('',(#631));
#1600=EDGE_LOOP('',(#632));
#1601=EDGE_LOOP('',(#633));
#1602=EDGE_LOOP('',(#634));
#1603=EDGE_LOOP('',(#635));
#1604=EDGE_LOOP('',(#636));
#1605=EDGE_LOOP('',(#637,#638,#639,#640));
#1606=EDGE_LOOP('',(#641,#642,#643,#644));
#1607=EDGE_LOOP('',(#645,#646,#647,#648));
#1608=EDGE_LOOP('',(#649,#650,#651,#652));
#1609=FACE_BOUND('',#1488,.T.);
#1610=FACE_BOUND('',#1489,.T.);
#1611=FACE_BOUND('',#1490,.T.);
#1612=FACE_BOUND('',#1491,.T.);
#1613=FACE_BOUND('',#1492,.T.);
#1614=FACE_BOUND('',#1493,.T.);
#1615=FACE_BOUND('',#1494,.T.);
#1616=FACE_BOUND('',#1495,.T.);
#1617=FACE_BOUND('',#1496,.T.);
#1618=FACE_BOUND('',#1497,.T.);
#1619=FACE_BOUND('',#1498,.T.);
#1620=FACE_BOUND('',#1499,.T.);
#1621=FACE_BOUND('',#1500,.T.);
#1622=FACE_BOUND('',#1501,.T.);
#1623=FACE_BOUND('',#1502,.T.);
#1624=FACE_BOUND('',#1503,.T.);
#1625=FACE_BOUND('',#1504,.T.);
#1626=FACE_BOUND('',#1505,.T.);
#1627=FACE_BOUND('',#1506,.T.);
#1628=FACE_BOUND('',#1507,.T.);
#1629=FACE_BOUND('',#1508,.T.);
#1630=FACE_BOUND('',#1509,.T.);
#1631=FACE_BOUND('',#1510,.T.);
#1632=FACE_BOUND('',#1511,.T.);
#1633=FACE_BOUND('',#1512,.T.);
#1634=FACE_BOUND('',#1513,.T.);
#1635=FACE_BOUND('',#1514,.T.);
#1636=FACE_BOUND('',#1515,.T.);
#1637=FACE_BOUND('',#1516,.T.);
#1638=FACE_BOUND('',#1517,.T.);
#1639=FACE_BOUND('',#1518,.T.);
#1640=FACE_BOUND('',#1519,.T.);
#1641=FACE_BOUND('',#1520,.T.);
#1642=FACE_BOUND('',#1521,.T.);
#1643=FACE_BOUND('',#1522,.T.);
#1644=FACE_BOUND('',#1523,.T.);
#1645=FACE_BOUND('',#1524,.T.);
#1646=FACE_BOUND('',#1525,.T.);
#1647=FACE_BOUND('',#1526,.T.);
#1648=FACE_BOUND('',#1527,.T.);
#1649=FACE_BOUND('',#1528,.T.);
#1650=FACE_BOUND('',#1529,.T.);
#1651=FACE_BOUND('',#1530,.T.);
#1652=FACE_BOUND('',#1531,.T.);
#1653=FACE_BOUND('',#1532,.T.);
#1654=FACE_BOUND('',#1533,.T.);
#1655=FACE_BOUND('',#1534,.T.);
#1656=FACE_BOUND('',#1535,.T.);
#1657=FACE_BOUND('',#1536,.T.);
#1658=FACE_BOUND('',#1537,.T.);
#1659=FACE_BOUND('',#1538,.T.);
#1660=FACE_BOUND('',#1539,.T.);
#1661=FACE_BOUND('',#1540,.T.);
#1662=FACE_BOUND('',#1541,.T.);
#1663=FACE_BOUND('',#1542,.T.);
#1664=FACE_BOUND('',#1543,.T.);
#1665=FACE_BOUND('',#1544,.T.);
#1666=FACE_BOUND('',#1545,.T.);
#1667=FACE_BOUND('',#1546,.T.);
#1668=FACE_BOUND('',#1547,.T.);
#1669=FACE_BOUND('',#1548,.T.);
#1670=FACE_BOUND('',#1549,.T.);
#1671=FACE_BOUND('',#1550,.T.);
#1672=FACE_BOUND('',#1551,.T.);
#1673=FACE_BOUND('',#1552,.T.);
#1674=FACE_BOUND('',#1553,.T.);
#1675=FACE_BOUND('',#1554,.T.);
#1676=FACE_BOUND('',#1555,.T.);
#1677=FACE_BOUND('',#1556,.T.);
#1678=FACE_BOUND('',#1557,.T.);
#1679=FACE_BOUND('',#1558,.T.);
#1680=FACE_BOUND('',#1559,.T.);
#1681=FACE_BOUND('',#1560,.T.);
#1682=FACE_BOUND('',#1561,.T.);
#1683=FACE_BOUND('',#1562,.T.);
#1684=FACE_BOUND('',#1563,.T.);
#1685=FACE_BOUND('',#1564,.T.);
#1686=FACE_BOUND('',#1565,.T.);
#1687=FACE_BOUND('',#1566,.T.);
#1688=FACE_BOUND('',#1567,.T.);
#1689=FACE_BOUND('',#1568,.T.);
#1690=FACE_BOUND('',#1569,.T.);
#1691=FACE_BOUND('',#1570,.T.);
#1692=FACE_BOUND('',#1571,.T.);
#1693=FACE_BOUND('',#1572,.T.);
#1694=FACE_BOUND('',#1573,.T.);
#1695=FACE_BOUND('',#1574,.T.);
#1696=FACE_BOUND('',#1575,.T.);
#1697=FACE_BOUND('',#1576,.T.);
#1698=FACE_BOUND('',#1577,.T.);
#1699=FACE_BOUND('',#1578,.T.);
#1700=FACE_BOUND('',#1579,.T.);
#1701=FACE_BOUND('',#1580,.T.);
#1702=FACE_BOUND('',#1581,.T.);
#1703=FACE_BOUND('',#1582,.T.);
#1704=FACE_BOUND('',#1583,.T.);
#1705=FACE_BOUND('',#1584,.T.);
#1706=FACE_BOUND('',#1585,.T.);
#1707=FACE_BOUND('',#1586,.T.);
#1708=FACE_BOUND('',#1587,.T.);
#1709=FACE_BOUND('',#1588,.T.);
#1710=FACE_BOUND('',#1589,.T.);
#1711=FACE_BOUND('',#1590,.T.);
#1712=FACE_BOUND('',#1591,.T.);
#1713=FACE_BOUND('',#1592,.T.);
#1714=FACE_BOUND('',#1593,.T.);
#1715=FACE_BOUND('',#1594,.T.);
#1716=FACE_BOUND('',#1595,.T.);
#1717=FACE_BOUND('',#1596,.T.);
#1718=FACE_BOUND('',#1597,.T.);
#1719=FACE_BOUND('',#1598,.T.);
#1720=FACE_BOUND('',#1599,.T.);
#1721=FACE_BOUND('',#1600,.T.);
#1722=FACE_BOUND('',#1601,.T.);
#1723=FACE_BOUND('',#1602,.T.);
#1724=FACE_BOUND('',#1603,.T.);
#1725=FACE_BOUND('',#1604,.T.);
#1726=FACE_BOUND('',#1605,.T.);
#1727=FACE_BOUND('',#1606,.T.);
#1728=FACE_BOUND('',#1607,.T.);
#1729=FACE_BOUND('',#1608,.T.);
#1730=PLANE('',#1941);
#1731=PLANE('',#1942);
#1732=PLANE('',#1951);
#1733=PLANE('',#1955);
#1734=PLANE('',#1956);
#1735=PLANE('',#1957);
#1736=PLANE('',#1962);
#1737=PLANE('',#1965);
#1738=PLANE('',#1968);
#1739=PLANE('',#1971);
#1740=PLANE('',#1972);
#1741=PLANE('',#1975);
#1742=PLANE('',#1978);
#1743=PLANE('',#1981);
#1744=PLANE('',#1982);
#1745=PLANE('',#1987);
#1746=PLANE('',#1990);
#1747=PLANE('',#1991);
#1748=PLANE('',#1994);
#1749=PLANE('',#1995);
#1750=PLANE('',#1996);
#1751=PLANE('',#1999);
#1752=PLANE('',#2005);
#1753=PLANE('',#2006);
#1754=PLANE('',#2009);
#1755=PLANE('',#2012);
#1756=PLANE('',#2014);
#1757=PLANE('',#2018);
#1758=PLANE('',#2023);
#1759=PLANE('',#2024);
#1760=PLANE('',#2026);
#1761=PLANE('',#2028);
#1762=PLANE('',#2030);
#1763=PLANE('',#2032);
#1764=PLANE('',#2033);
#1765=PLANE('',#2034);
#1766=PLANE('',#2035);
#1767=PLANE('',#2036);
#1768=PLANE('',#2037);
#1769=PLANE('',#2038);
#1770=PLANE('',#2039);
#1771=PLANE('',#2041);
#1772=PLANE('',#2042);
#1773=PLANE('',#2043);
#1774=PLANE('',#2048);
#1775=PLANE('',#2049);
#1776=PLANE('',#2050);
#1777=PLANE('',#2051);
#1778=PLANE('',#2052);
#1779=PLANE('',#2065);
#1780=PLANE('',#2072);
#1781=PLANE('',#2076);
#1782=PLANE('',#2077);
#1783=PLANE('',#2078);
#1784=PLANE('',#2079);
#1785=PLANE('',#2080);
#1786=PLANE('',#2081);
#1787=PLANE('',#2082);
#1788=PLANE('',#2083);
#1789=PLANE('',#2087);
#1790=PLANE('',#2088);
#1791=PLANE('',#2089);
#1792=PLANE('',#2092);
#1793=PLANE('',#2093);
#1794=PLANE('',#2096);
#1795=PLANE('',#2097);
#1796=PLANE('',#2101);
#1797=PLANE('',#2103);
#1798=PLANE('',#2105);
#1799=PLANE('',#2107);
#1800=PLANE('',#2111);
#1801=PLANE('',#2112);
#1802=PLANE('',#2113);
#1803=PLANE('',#2114);
#1804=ADVANCED_FACE('',(#1609),#1730,.T.);
#1805=ADVANCED_FACE('',(#1610,#1611),#1731,.T.);
#1806=ADVANCED_FACE('',(#1612),#1732,.T.);
#1807=ADVANCED_FACE('',(#1613),#40,.T.);
#1808=ADVANCED_FACE('',(#1614),#1733,.F.);
#1809=ADVANCED_FACE('',(#1615),#1734,.F.);
#1810=ADVANCED_FACE('',(#1616),#1735,.F.);
#1811=ADVANCED_FACE('',(#1617),#41,.F.);
#1812=ADVANCED_FACE('',(#1618),#42,.F.);
#1813=ADVANCED_FACE('',(#1619),#1736,.T.);
#1814=ADVANCED_FACE('',(#1620),#43,.T.);
#1815=ADVANCED_FACE('',(#1621),#1737,.T.);
#1816=ADVANCED_FACE('',(#1622),#44,.T.);
#1817=ADVANCED_FACE('',(#1623),#1738,.F.);
#1818=ADVANCED_FACE('',(#1624),#45,.T.);
#1819=ADVANCED_FACE('',(#1625),#1739,.F.);
#1820=ADVANCED_FACE('',(#1626),#1740,.F.);
#1821=ADVANCED_FACE('',(#1627),#46,.F.);
#1822=ADVANCED_FACE('',(#1628),#1741,.T.);
#1823=ADVANCED_FACE('',(#1629),#47,.F.);
#1824=ADVANCED_FACE('',(#1630),#1742,.T.);
#1825=ADVANCED_FACE('',(#1631),#48,.T.);
#1826=ADVANCED_FACE('',(#1632),#1743,.T.);
#1827=ADVANCED_FACE('',(#1633),#1744,.F.);
#1828=ADVANCED_FACE('',(#1634),#1745,.F.);
#1829=ADVANCED_FACE('',(#1635),#24,.T.);
#1830=ADVANCED_FACE('',(#1636),#25,.T.);
#1831=ADVANCED_FACE('',(#1637),#1746,.F.);
#1832=ADVANCED_FACE('',(#1638),#1747,.T.);
#1833=ADVANCED_FACE('',(#1639),#26,.T.);
#1834=ADVANCED_FACE('',(#1640),#27,.T.);
#1835=ADVANCED_FACE('',(#1641),#1748,.T.);
#1836=ADVANCED_FACE('',(#1642),#1749,.F.);
#1837=ADVANCED_FACE('',(#1643),#1750,.T.);
#1838=ADVANCED_FACE('',(#1644,#1645),#1751,.F.);
#1839=ADVANCED_FACE('',(#1646),#49,.T.);
#1840=ADVANCED_FACE('',(#1647),#1752,.T.);
#1841=ADVANCED_FACE('',(#1648),#1753,.F.);
#1842=ADVANCED_FACE('',(#1649,#1650),#1754,.T.);
#1843=ADVANCED_FACE('',(#1651),#1755,.F.);
#1844=ADVANCED_FACE('',(#1652),#1756,.T.);
#1845=ADVANCED_FACE('',(#1653,#1654),#28,.F.);
#1846=ADVANCED_FACE('',(#1655,#1656),#29,.F.);
#1847=ADVANCED_FACE('',(#1657),#1757,.F.);
#1848=ADVANCED_FACE('',(#1658),#50,.T.);
#1849=ADVANCED_FACE('',(#1659),#51,.T.);
#1850=ADVANCED_FACE('',(#1660),#1758,.F.);
#1851=ADVANCED_FACE('',(#1661),#1759,.T.);
#1852=ADVANCED_FACE('',(#1662),#30,.T.);
#1853=ADVANCED_FACE('',(#1663),#1760,.F.);
#1854=ADVANCED_FACE('',(#1664),#31,.T.);
#1855=ADVANCED_FACE('',(#1665),#1761,.T.);
#1856=ADVANCED_FACE('',(#1666),#32,.T.);
#1857=ADVANCED_FACE('',(#1667),#1762,.T.);
#1858=ADVANCED_FACE('',(#1668),#33,.T.);
#1859=ADVANCED_FACE('',(#1669),#1763,.F.);
#1860=ADVANCED_FACE('',(#1670),#1764,.F.);
#1861=ADVANCED_FACE('',(#1671),#1765,.F.);
#1862=ADVANCED_FACE('',(#1672),#1766,.T.);
#1863=ADVANCED_FACE('',(#1673),#1767,.T.);
#1864=ADVANCED_FACE('',(#1674),#1768,.T.);
#1865=ADVANCED_FACE('',(#1675),#1769,.T.);
#1866=ADVANCED_FACE('',(#1676),#1770,.F.);
#1867=ADVANCED_FACE('',(#1677),#1771,.T.);
#1868=ADVANCED_FACE('',(#1678),#1772,.F.);
#1869=ADVANCED_FACE('',(#1679),#1773,.F.);
#1870=ADVANCED_FACE('',(#1680),#1774,.T.);
#1871=ADVANCED_FACE('',(#1681),#1775,.F.);
#1872=ADVANCED_FACE('',(#1682),#1776,.F.);
#1873=ADVANCED_FACE('',(#1683),#1777,.T.);
#1874=ADVANCED_FACE('',(#1684),#1778,.F.);
#1875=ADVANCED_FACE('',(#1685),#52,.F.);
#1876=ADVANCED_FACE('',(#1686),#53,.F.);
#1877=ADVANCED_FACE('',(#1687),#54,.F.);
#1878=ADVANCED_FACE('',(#1688),#55,.F.);
#1879=ADVANCED_FACE('',(#1689),#1779,.T.);
#1880=ADVANCED_FACE('',(#1690),#56,.T.);
#1881=ADVANCED_FACE('',(#1691),#57,.T.);
#1882=ADVANCED_FACE('',(#1692),#1780,.F.);
#1883=ADVANCED_FACE('',(#1693),#58,.T.);
#1884=ADVANCED_FACE('',(#1694),#1781,.F.);
#1885=ADVANCED_FACE('',(#1695),#1782,.F.);
#1886=ADVANCED_FACE('',(#1696),#1783,.F.);
#1887=ADVANCED_FACE('',(#1697),#1784,.T.);
#1888=ADVANCED_FACE('',(#1698),#1785,.T.);
#1889=ADVANCED_FACE('',(#1699),#1786,.F.);
#1890=ADVANCED_FACE('',(#1700),#1787,.T.);
#1891=ADVANCED_FACE('',(#1701),#1788,.T.);
#1892=ADVANCED_FACE('',(#1702),#59,.T.);
#1893=ADVANCED_FACE('',(#1703,#1704),#1789,.T.);
#1894=ADVANCED_FACE('',(#1705),#1790,.T.);
#1895=ADVANCED_FACE('',(#1706),#1791,.F.);
#1896=ADVANCED_FACE('',(#1707),#34,.T.);
#1897=ADVANCED_FACE('',(#1708),#35,.T.);
#1898=ADVANCED_FACE('',(#1709),#1792,.F.);
#1899=ADVANCED_FACE('',(#1710),#1793,.T.);
#1900=ADVANCED_FACE('',(#1711),#36,.T.);
#1901=ADVANCED_FACE('',(#1712),#37,.T.);
#1902=ADVANCED_FACE('',(#1713),#1794,.T.);
#1903=ADVANCED_FACE('',(#1714),#1795,.F.);
#1904=ADVANCED_FACE('',(#1715),#60,.T.);
#1905=ADVANCED_FACE('',(#1716,#1717),#1796,.T.);
#1906=ADVANCED_FACE('',(#1718,#1719),#1797,.F.);
#1907=ADVANCED_FACE('',(#1720),#1798,.T.);
#1908=ADVANCED_FACE('',(#1721),#1799,.F.);
#1909=ADVANCED_FACE('',(#1722,#1723),#38,.T.);
#1910=ADVANCED_FACE('',(#1724,#1725),#39,.T.);
#1911=ADVANCED_FACE('',(#1726),#1800,.F.);
#1912=ADVANCED_FACE('',(#1727),#1801,.T.);
#1913=ADVANCED_FACE('',(#1728),#1802,.T.);
#1914=ADVANCED_FACE('',(#1729),#1803,.F.);
#1915=CLOSED_SHELL('',(#1804,#1805,#1806,#1807,#1808,#1809,#1810,#1811,
#1812,#1813,#1814,#1815,#1816,#1817,#1818,#1819,#1820,#1821,#1822,#1823,
#1824,#1825,#1826,#1827,#1828,#1829,#1830,#1831,#1832,#1833,#1834,#1835,
#1836,#1837,#1838,#1839,#1840,#1841,#1842,#1843,#1844,#1845,#1846,#1847,
#1848,#1849,#1850,#1851,#1852,#1853,#1854,#1855,#1856,#1857,#1858,#1859,
#1860,#1861,#1862,#1863,#1864,#1865,#1866));
#1916=CLOSED_SHELL('',(#1867,#1868,#1869,#1870,#1871,#1872,#1873,#1874,
#1875,#1876,#1877,#1878,#1879,#1880,#1881,#1882,#1883,#1884,#1885,#1886,
#1887,#1888,#1889,#1890,#1891,#1892,#1893,#1894,#1895,#1896,#1897,#1898,
#1899,#1900,#1901,#1902,#1903,#1904,#1905,#1906,#1907,#1908,#1909,#1910,
#1911,#1912,#1913,#1914));
#1917=STYLED_ITEM('',(#1919),#1932);
#1918=STYLED_ITEM('',(#1920),#1933);
#1919=PRESENTATION_STYLE_ASSIGNMENT((#1921));
#1920=PRESENTATION_STYLE_ASSIGNMENT((#1922));
#1921=SURFACE_STYLE_USAGE(.BOTH.,#1923);
#1922=SURFACE_STYLE_USAGE(.BOTH.,#1924);
#1923=SURFACE_SIDE_STYLE('',(#1925));
#1924=SURFACE_SIDE_STYLE('',(#1926));
#1925=SURFACE_STYLE_FILL_AREA(#1927);
#1926=SURFACE_STYLE_FILL_AREA(#1928);
#1927=FILL_AREA_STYLE('',(#1929));
#1928=FILL_AREA_STYLE('',(#1930));
#1929=FILL_AREA_STYLE_COLOUR('',#1931);
#1930=FILL_AREA_STYLE_COLOUR('',#1931);
#1931=COLOUR_RGB('',0.615686274509804,0.811764705882353,0.929411764705882);
#1932=MANIFOLD_SOLID_BREP('CaseTop',#1915);
#1933=MANIFOLD_SOLID_BREP('Part 1',#1916);
#1934=SHAPE_DEFINITION_REPRESENTATION(#3232,#1937);
#1935=SHAPE_DEFINITION_REPRESENTATION(#3233,#1938);
#1936=SHAPE_DEFINITION_REPRESENTATION(#3235,#1939);
#1937=SHAPE_REPRESENTATION('ActualPrint',(#1940,#2040,#2115),#3223);
#1938=SHAPE_REPRESENTATION('CaseTop',(#1940),#3224);
#1939=SHAPE_REPRESENTATION('Part 1',(#1940),#3225);
#1940=AXIS2_PLACEMENT_3D('',#2669,#2116,#2117);
#1941=AXIS2_PLACEMENT_3D('',#2670,#2118,#2119);
#1942=AXIS2_PLACEMENT_3D('',#2679,#2124,#2125);
#1943=AXIS2_PLACEMENT_3D('',#2683,#2127,#2128);
#1944=AXIS2_PLACEMENT_3D('',#2687,#2130,#2131);
#1945=AXIS2_PLACEMENT_3D('',#2691,#2133,#2134);
#1946=AXIS2_PLACEMENT_3D('',#2695,#2136,#2137);
#1947=AXIS2_PLACEMENT_3D('',#2712,#2146,#2147);
#1948=AXIS2_PLACEMENT_3D('',#2716,#2149,#2150);
#1949=AXIS2_PLACEMENT_3D('',#2740,#2162,#2163);
#1950=AXIS2_PLACEMENT_3D('',#2744,#2165,#2166);
#1951=AXIS2_PLACEMENT_3D('',#2745,#2167,#2168);
#1952=AXIS2_PLACEMENT_3D('',#2751,#2172,#2173);
#1953=AXIS2_PLACEMENT_3D('',#2755,#2175,#2176);
#1954=AXIS2_PLACEMENT_3D('',#2759,#2178,#2179);
#1955=AXIS2_PLACEMENT_3D('',#2760,#2180,#2181);
#1956=AXIS2_PLACEMENT_3D('',#2766,#2185,#2186);
#1957=AXIS2_PLACEMENT_3D('',#2774,#2191,#2192);
#1958=AXIS2_PLACEMENT_3D('',#2780,#2196,#2197);
#1959=AXIS2_PLACEMENT_3D('',#2781,#2198,#2199);
#1960=AXIS2_PLACEMENT_3D('',#2784,#2201,#2202);
#1961=AXIS2_PLACEMENT_3D('',#2785,#2203,#2204);
#1962=AXIS2_PLACEMENT_3D('',#2788,#2206,#2207);
#1963=AXIS2_PLACEMENT_3D('',#2794,#2211,#2212);
#1964=AXIS2_PLACEMENT_3D('',#2795,#2213,#2214);
#1965=AXIS2_PLACEMENT_3D('',#2798,#2216,#2217);
#1966=AXIS2_PLACEMENT_3D('',#2802,#2220,#2221);
#1967=AXIS2_PLACEMENT_3D('',#2803,#2222,#2223);
#1968=AXIS2_PLACEMENT_3D('',#2806,#2225,#2226);
#1969=AXIS2_PLACEMENT_3D('',#2810,#2229,#2230);
#1970=AXIS2_PLACEMENT_3D('',#2811,#2231,#2232);
#1971=AXIS2_PLACEMENT_3D('',#2812,#2233,#2234);
#1972=AXIS2_PLACEMENT_3D('',#2820,#2239,#2240);
#1973=AXIS2_PLACEMENT_3D('',#2824,#2243,#2244);
#1974=AXIS2_PLACEMENT_3D('',#2825,#2245,#2246);
#1975=AXIS2_PLACEMENT_3D('',#2828,#2248,#2249);
#1976=AXIS2_PLACEMENT_3D('',#2832,#2252,#2253);
#1977=AXIS2_PLACEMENT_3D('',#2833,#2254,#2255);
#1978=AXIS2_PLACEMENT_3D('',#2836,#2257,#2258);
#1979=AXIS2_PLACEMENT_3D('',#2838,#2260,#2261);
#1980=AXIS2_PLACEMENT_3D('',#2839,#2262,#2263);
#1981=AXIS2_PLACEMENT_3D('',#2840,#2264,#2265);
#1982=AXIS2_PLACEMENT_3D('',#2841,#2266,#2267);
#1983=AXIS2_PLACEMENT_3D('',#2842,#2268,#2269);
#1984=AXIS2_PLACEMENT_3D('',#2847,#2271,#2272);
#1985=AXIS2_PLACEMENT_3D('',#2851,#2274,#2275);
#1986=AXIS2_PLACEMENT_3D('',#2855,#2277,#2278);
#1987=AXIS2_PLACEMENT_3D('',#2858,#2280,#2281);
#1988=AXIS2_PLACEMENT_3D('',#2863,#2286,#2287);
#1989=AXIS2_PLACEMENT_3D('',#2865,#2289,#2290);
#1990=AXIS2_PLACEMENT_3D('',#2867,#2292,#2293);
#1991=AXIS2_PLACEMENT_3D('',#2869,#2295,#2296);
#1992=AXIS2_PLACEMENT_3D('',#2871,#2298,#2299);
#1993=AXIS2_PLACEMENT_3D('',#2873,#2301,#2302);
#1994=AXIS2_PLACEMENT_3D('',#2875,#2304,#2305);
#1995=AXIS2_PLACEMENT_3D('',#2878,#2308,#2309);
#1996=AXIS2_PLACEMENT_3D('',#2881,#2312,#2313);
#1997=AXIS2_PLACEMENT_3D('',#2882,#2314,#2315);
#1998=AXIS2_PLACEMENT_3D('',#2886,#2317,#2318);
#1999=AXIS2_PLACEMENT_3D('',#2889,#2320,#2321);
#2000=AXIS2_PLACEMENT_3D('',#2890,#2322,#2323);
#2001=AXIS2_PLACEMENT_3D('',#2892,#2324,#2325);
#2002=AXIS2_PLACEMENT_3D('',#2895,#2327,#2328);
#2003=AXIS2_PLACEMENT_3D('',#2899,#2330,#2331);
#2004=AXIS2_PLACEMENT_3D('',#2903,#2333,#2334);
#2005=AXIS2_PLACEMENT_3D('',#2904,#2335,#2336);
#2006=AXIS2_PLACEMENT_3D('',#2907,#2339,#2340);
#2007=AXIS2_PLACEMENT_3D('',#2908,#2341,#2342);
#2008=AXIS2_PLACEMENT_3D('',#2912,#2344,#2345);
#2009=AXIS2_PLACEMENT_3D('',#2915,#2347,#2348);
#2010=AXIS2_PLACEMENT_3D('',#2918,#2350,#2351);
#2011=AXIS2_PLACEMENT_3D('',#2919,#2352,#2353);
#2012=AXIS2_PLACEMENT_3D('',#2921,#2354,#2355);
#2013=AXIS2_PLACEMENT_3D('',#2922,#2356,#2357);
#2014=AXIS2_PLACEMENT_3D('',#2924,#2358,#2359);
#2015=AXIS2_PLACEMENT_3D('',#2925,#2360,#2361);
#2016=AXIS2_PLACEMENT_3D('',#2927,#2362,#2363);
#2017=AXIS2_PLACEMENT_3D('',#2928,#2364,#2365);
#2018=AXIS2_PLACEMENT_3D('',#2929,#2366,#2367);
#2019=AXIS2_PLACEMENT_3D('',#2933,#2370,#2371);
#2020=AXIS2_PLACEMENT_3D('',#2934,#2372,#2373);
#2021=AXIS2_PLACEMENT_3D('',#2935,#2374,#2375);
#2022=AXIS2_PLACEMENT_3D('',#2936,#2376,#2377);
#2023=AXIS2_PLACEMENT_3D('',#2939,#2379,#2380);
#2024=AXIS2_PLACEMENT_3D('',#2941,#2382,#2383);
#2025=AXIS2_PLACEMENT_3D('',#2943,#2385,#2386);
#2026=AXIS2_PLACEMENT_3D('',#2948,#2387,#2388);
#2027=AXIS2_PLACEMENT_3D('',#2950,#2390,#2391);
#2028=AXIS2_PLACEMENT_3D('',#2951,#2392,#2393);
#2029=AXIS2_PLACEMENT_3D('',#2953,#2395,#2396);
#2030=AXIS2_PLACEMENT_3D('',#2958,#2397,#2398);
#2031=AXIS2_PLACEMENT_3D('',#2960,#2400,#2401);
#2032=AXIS2_PLACEMENT_3D('',#2961,#2402,#2403);
#2033=AXIS2_PLACEMENT_3D('',#2967,#2407,#2408);
#2034=AXIS2_PLACEMENT_3D('',#2970,#2411,#2412);
#2035=AXIS2_PLACEMENT_3D('',#2971,#2413,#2414);
#2036=AXIS2_PLACEMENT_3D('',#2972,#2415,#2416);
#2037=AXIS2_PLACEMENT_3D('',#2978,#2420,#2421);
#2038=AXIS2_PLACEMENT_3D('',#2981,#2424,#2425);
#2039=AXIS2_PLACEMENT_3D('',#2982,#2426,#2427);
#2040=AXIS2_PLACEMENT_3D('',#2983,#2428,#2429);
#2041=AXIS2_PLACEMENT_3D('',#2984,#2430,#2431);
#2042=AXIS2_PLACEMENT_3D('',#3001,#2440,#2441);
#2043=AXIS2_PLACEMENT_3D('',#3010,#2446,#2447);
#2044=AXIS2_PLACEMENT_3D('',#3011,#2448,#2449);
#2045=AXIS2_PLACEMENT_3D('',#3016,#2451,#2452);
#2046=AXIS2_PLACEMENT_3D('',#3020,#2454,#2455);
#2047=AXIS2_PLACEMENT_3D('',#3024,#2457,#2458);
#2048=AXIS2_PLACEMENT_3D('',#3027,#2460,#2461);
#2049=AXIS2_PLACEMENT_3D('',#3036,#2466,#2467);
#2050=AXIS2_PLACEMENT_3D('',#3045,#2472,#2473);
#2051=AXIS2_PLACEMENT_3D('',#3054,#2478,#2479);
#2052=AXIS2_PLACEMENT_3D('',#3063,#2484,#2485);
#2053=AXIS2_PLACEMENT_3D('',#3072,#2490,#2491);
#2054=AXIS2_PLACEMENT_3D('',#3073,#2492,#2493);
#2055=AXIS2_PLACEMENT_3D('',#3075,#2494,#2495);
#2056=AXIS2_PLACEMENT_3D('',#3078,#2497,#2498);
#2057=AXIS2_PLACEMENT_3D('',#3079,#2499,#2500);
#2058=AXIS2_PLACEMENT_3D('',#3083,#2502,#2503);
#2059=AXIS2_PLACEMENT_3D('',#3084,#2504,#2505);
#2060=AXIS2_PLACEMENT_3D('',#3085,#2506,#2507);
#2061=AXIS2_PLACEMENT_3D('',#3086,#2508,#2509);
#2062=AXIS2_PLACEMENT_3D('',#3087,#2510,#2511);
#2063=AXIS2_PLACEMENT_3D('',#3088,#2512,#2513);
#2064=AXIS2_PLACEMENT_3D('',#3089,#2514,#2515);
#2065=AXIS2_PLACEMENT_3D('',#3090,#2516,#2517);
#2066=AXIS2_PLACEMENT_3D('',#3099,#2522,#2523);
#2067=AXIS2_PLACEMENT_3D('',#3100,#2524,#2525);
#2068=AXIS2_PLACEMENT_3D('',#3101,#2526,#2527);
#2069=AXIS2_PLACEMENT_3D('',#3102,#2528,#2529);
#2070=AXIS2_PLACEMENT_3D('',#3103,#2530,#2531);
#2071=AXIS2_PLACEMENT_3D('',#3107,#2533,#2534);
#2072=AXIS2_PLACEMENT_3D('',#3108,#2535,#2536);
#2073=AXIS2_PLACEMENT_3D('',#3114,#2540,#2541);
#2074=AXIS2_PLACEMENT_3D('',#3115,#2542,#2543);
#2075=AXIS2_PLACEMENT_3D('',#3116,#2544,#2545);
#2076=AXIS2_PLACEMENT_3D('',#3117,#2546,#2547);
#2077=AXIS2_PLACEMENT_3D('',#3126,#2552,#2553);
#2078=AXIS2_PLACEMENT_3D('',#3132,#2557,#2558);
#2079=AXIS2_PLACEMENT_3D('',#3135,#2561,#2562);
#2080=AXIS2_PLACEMENT_3D('',#3141,#2566,#2567);
#2081=AXIS2_PLACEMENT_3D('',#3147,#2571,#2572);
#2082=AXIS2_PLACEMENT_3D('',#3150,#2575,#2576);
#2083=AXIS2_PLACEMENT_3D('',#3156,#2580,#2581);
#2084=AXIS2_PLACEMENT_3D('',#3159,#2584,#2585);
#2085=AXIS2_PLACEMENT_3D('',#3160,#2586,#2587);
#2086=AXIS2_PLACEMENT_3D('',#3161,#2588,#2589);
#2087=AXIS2_PLACEMENT_3D('',#3162,#2590,#2591);
#2088=AXIS2_PLACEMENT_3D('',#3169,#2596,#2597);
#2089=AXIS2_PLACEMENT_3D('',#3170,#2598,#2599);
#2090=AXIS2_PLACEMENT_3D('',#3174,#2603,#2604);
#2091=AXIS2_PLACEMENT_3D('',#3176,#2606,#2607);
#2092=AXIS2_PLACEMENT_3D('',#3178,#2609,#2610);
#2093=AXIS2_PLACEMENT_3D('',#3180,#2612,#2613);
#2094=AXIS2_PLACEMENT_3D('',#3182,#2615,#2616);
#2095=AXIS2_PLACEMENT_3D('',#3184,#2618,#2619);
#2096=AXIS2_PLACEMENT_3D('',#3186,#2621,#2622);
#2097=AXIS2_PLACEMENT_3D('',#3187,#2623,#2624);
#2098=AXIS2_PLACEMENT_3D('',#3193,#2628,#2629);
#2099=AXIS2_PLACEMENT_3D('',#3194,#2630,#2631);
#2100=AXIS2_PLACEMENT_3D('',#3195,#2632,#2633);
#2101=AXIS2_PLACEMENT_3D('',#3196,#2634,#2635);
#2102=AXIS2_PLACEMENT_3D('',#3197,#2636,#2637);
#2103=AXIS2_PLACEMENT_3D('',#3199,#2638,#2639);
#2104=AXIS2_PLACEMENT_3D('',#3200,#2640,#2641);
#2105=AXIS2_PLACEMENT_3D('',#3202,#2642,#2643);
#2106=AXIS2_PLACEMENT_3D('',#3203,#2644,#2645);
#2107=AXIS2_PLACEMENT_3D('',#3205,#2646,#2647);
#2108=AXIS2_PLACEMENT_3D('',#3206,#2648,#2649);
#2109=AXIS2_PLACEMENT_3D('',#3208,#2650,#2651);
#2110=AXIS2_PLACEMENT_3D('',#3209,#2652,#2653);
#2111=AXIS2_PLACEMENT_3D('',#3210,#2654,#2655);
#2112=AXIS2_PLACEMENT_3D('',#3216,#2659,#2660);
#2113=AXIS2_PLACEMENT_3D('',#3219,#2663,#2664);
#2114=AXIS2_PLACEMENT_3D('',#3220,#2665,#2666);
#2115=AXIS2_PLACEMENT_3D('',#3221,#2667,#2668);
#2116=DIRECTION('',(0.,0.,1.));
#2117=DIRECTION('',(1.,0.,0.));
#2118=DIRECTION('',(8.95341148891256E-17,-1.,0.));
#2119=DIRECTION('',(1.,8.95341148891256E-17,0.));
#2120=DIRECTION('',(-1.,-8.95341148891255E-17,0.));
#2121=DIRECTION('',(0.,0.,-1.));
#2122=DIRECTION('',(1.,8.95341148891256E-17,0.));
#2123=DIRECTION('',(0.,0.,-1.));
#2124=DIRECTION('',(0.,0.,1.));
#2125=DIRECTION('',(1.,0.,0.));
#2126=DIRECTION('',(-1.7613430967956E-16,1.,0.));
#2127=DIRECTION('',(0.,0.,1.));
#2128=DIRECTION('',(0.,1.,0.));
#2129=DIRECTION('',(-1.,-1.17316466265717E-16,0.));
#2130=DIRECTION('',(0.,0.,1.));
#2131=DIRECTION('',(1.,0.,0.));
#2132=DIRECTION('',(-1.7613430967956E-16,1.,0.));
#2133=DIRECTION('',(0.,0.,1.));
#2134=DIRECTION('',(0.,-1.,0.));
#2135=DIRECTION('',(-1.,-8.95341148891255E-17,0.));
#2136=DIRECTION('',(0.,0.,1.));
#2137=DIRECTION('',(-1.,0.,0.));
#2138=DIRECTION('',(-1.,-8.95341148891255E-17,0.));
#2139=DIRECTION('',(0.,1.,0.));
#2140=DIRECTION('',(1.,0.,0.));
#2141=DIRECTION('',(0.,1.,0.));
#2142=DIRECTION('',(0.,1.,0.));
#2143=DIRECTION('',(-1.,0.,0.));
#2144=DIRECTION('',(0.,1.,0.));
#2145=DIRECTION('',(-1.,-8.95341148891255E-17,0.));
#2146=DIRECTION('',(0.,0.,1.));
#2147=DIRECTION('',(0.,-1.,0.));
#2148=DIRECTION('',(-3.26536183713282E-16,1.,0.));
#2149=DIRECTION('',(0.,0.,1.));
#2150=DIRECTION('',(1.,2.60208521396521E-15,0.));
#2151=DIRECTION('',(-1.,-8.95341148891255E-17,0.));
#2152=DIRECTION('',(0.,1.,0.));
#2153=DIRECTION('',(0.707106781186548,0.707106781186548,0.));
#2154=DIRECTION('',(1.,0.,0.));
#2155=DIRECTION('',(0.,1.,0.));
#2156=DIRECTION('',(-1.,-8.95341148891255E-17,0.));
#2157=DIRECTION('',(0.,1.,0.));
#2158=DIRECTION('',(1.,0.,0.));
#2159=DIRECTION('',(0.707106781186548,-0.707106781186548,0.));
#2160=DIRECTION('',(0.,1.,0.));
#2161=DIRECTION('',(-1.,-8.95341148891255E-17,0.));
#2162=DIRECTION('',(0.,0.,1.));
#2163=DIRECTION('',(-1.7347234759768E-15,1.,0.));
#2164=DIRECTION('',(-3.26536183713282E-16,1.,0.));
#2165=DIRECTION('',(0.,0.,1.));
#2166=DIRECTION('',(-1.,0.,0.));
#2167=DIRECTION('',(8.95341148891256E-17,-1.,0.));
#2168=DIRECTION('',(1.,8.95341148891256E-17,0.));
#2169=DIRECTION('',(0.,0.,-1.));
#2170=DIRECTION('',(1.,8.95341148891256E-17,0.));
#2171=DIRECTION('',(0.,0.,-1.));
#2172=DIRECTION('',(-1.,0.,0.));
#2173=DIRECTION('',(0.,0.,1.));
#2174=DIRECTION('',(1.,0.,0.));
#2175=DIRECTION('',(1.,0.,0.));
#2176=DIRECTION('',(0.,0.,-1.));
#2177=DIRECTION('',(-1.,0.,0.));
#2178=DIRECTION('',(-1.,0.,0.));
#2179=DIRECTION('',(0.,1.,-3.81639164714895E-15));
#2180=DIRECTION('',(8.95341148891256E-17,-1.,0.));
#2181=DIRECTION('',(1.,8.95341148891256E-17,0.));
#2182=DIRECTION('',(0.,0.,-1.));
#2183=DIRECTION('',(0.,0.,-1.));
#2184=DIRECTION('',(-1.,-8.95341148891256E-17,0.));
#2185=DIRECTION('',(8.95341148891256E-17,-1.,0.));
#2186=DIRECTION('',(1.,8.95341148891256E-17,0.));
#2187=DIRECTION('',(0.,0.,-1.));
#2188=DIRECTION('',(0.,0.,-1.));
#2189=DIRECTION('',(-1.,-8.95341148891256E-17,0.));
#2190=DIRECTION('',(0.624695047554425,5.59315181584056E-17,0.78086880944303));
#2191=DIRECTION('',(8.95341148891256E-17,-1.,0.));
#2192=DIRECTION('',(1.,8.95341148891256E-17,0.));
#2193=DIRECTION('',(0.,0.,-1.));
#2194=DIRECTION('',(-1.,-8.95341148891255E-17,0.));
#2195=DIRECTION('',(0.,0.,-1.));
#2196=DIRECTION('',(0.,0.,-1.));
#2197=DIRECTION('',(-1.,0.,0.));
#2198=DIRECTION('',(0.,0.,1.));
#2199=DIRECTION('',(0.,-1.,0.));
#2200=DIRECTION('',(0.,0.,-1.));
#2201=DIRECTION('',(0.,0.,-1.));
#2202=DIRECTION('',(-1.,0.,0.));
#2203=DIRECTION('',(0.,0.,1.));
#2204=DIRECTION('',(-1.,0.,0.));
#2205=DIRECTION('',(0.,0.,-1.));
#2206=DIRECTION('',(-1.,-3.26536183713282E-16,0.));
#2207=DIRECTION('',(3.26536183713282E-16,-1.,0.));
#2208=DIRECTION('',(0.,0.,-1.));
#2209=DIRECTION('',(3.26536183713282E-16,-1.,0.));
#2210=DIRECTION('',(0.,0.,-1.));
#2211=DIRECTION('',(0.,0.,-1.));
#2212=DIRECTION('',(-1.,0.,0.));
#2213=DIRECTION('',(0.,0.,1.));
#2214=DIRECTION('',(1.,0.,0.));
#2215=DIRECTION('',(0.,0.,-1.));
#2216=DIRECTION('',(8.95341148891256E-17,-1.,0.));
#2217=DIRECTION('',(1.,8.95341148891256E-17,0.));
#2218=DIRECTION('',(0.,0.,-1.));
#2219=DIRECTION('',(1.,8.95341148891256E-17,0.));
#2220=DIRECTION('',(0.,0.,-1.));
#2221=DIRECTION('',(-1.,0.,0.));
#2222=DIRECTION('',(0.,0.,1.));
#2223=DIRECTION('',(1.,0.,0.));
#2224=DIRECTION('',(0.,0.,-1.));
#2225=DIRECTION('',(-1.,-3.26536183713282E-16,0.));
#2226=DIRECTION('',(3.26536183713282E-16,-1.,0.));
#2227=DIRECTION('',(-3.26536183713282E-16,1.,0.));
#2228=DIRECTION('',(0.,0.,-1.));
#2229=DIRECTION('',(0.,0.,-1.));
#2230=DIRECTION('',(-1.,0.,0.));
#2231=DIRECTION('',(0.,0.,1.));
#2232=DIRECTION('',(1.,0.,0.));
#2233=DIRECTION('',(8.95341148891256E-17,-1.,0.));
#2234=DIRECTION('',(1.,8.95341148891256E-17,0.));
#2235=DIRECTION('',(0.,0.,-1.));
#2236=DIRECTION('',(0.624695047554425,5.59315181584057E-17,-0.78086880944303));
#2237=DIRECTION('',(-1.,-8.95341148891256E-17,0.));
#2238=DIRECTION('',(0.,0.,-1.));
#2239=DIRECTION('',(-1.,-1.7613430967956E-16,0.));
#2240=DIRECTION('',(1.7613430967956E-16,-1.,0.));
#2241=DIRECTION('',(-1.7613430967956E-16,1.,0.));
#2242=DIRECTION('',(0.,0.,-1.));
#2243=DIRECTION('',(0.,0.,-1.));
#2244=DIRECTION('',(-1.,0.,0.));
#2245=DIRECTION('',(0.,0.,1.));
#2246=DIRECTION('',(1.,0.,0.));
#2247=DIRECTION('',(0.,0.,-1.));
#2248=DIRECTION('',(1.17316466265717E-16,-1.,0.));
#2249=DIRECTION('',(1.,1.17316466265717E-16,0.));
#2250=DIRECTION('',(-1.,-1.17316466265717E-16,0.));
#2251=DIRECTION('',(0.,0.,-1.));
#2252=DIRECTION('',(0.,0.,-1.));
#2253=DIRECTION('',(-1.,0.,0.));
#2254=DIRECTION('',(0.,0.,1.));
#2255=DIRECTION('',(1.,0.,0.));
#2256=DIRECTION('',(0.,0.,-1.));
#2257=DIRECTION('',(-1.,-1.7613430967956E-16,0.));
#2258=DIRECTION('',(1.7613430967956E-16,-1.,0.));
#2259=DIRECTION('',(-1.7613430967956E-16,1.,0.));
#2260=DIRECTION('',(0.,0.,-1.));
#2261=DIRECTION('',(-1.,0.,0.));
#2262=DIRECTION('',(0.,0.,1.));
#2263=DIRECTION('',(1.,0.,0.));
#2264=DIRECTION('',(0.,0.,1.));
#2265=DIRECTION('',(1.,0.,0.));
#2266=DIRECTION('',(0.,0.,1.));
#2267=DIRECTION('',(1.,0.,0.));
#2268=DIRECTION('',(0.,0.,1.));
#2269=DIRECTION('',(1.,0.,0.));
#2270=DIRECTION('',(-1.,-8.95341148891256E-17,0.));
#2271=DIRECTION('',(0.,0.,1.));
#2272=DIRECTION('',(1.,0.,0.));
#2273=DIRECTION('',(-3.26536183713282E-16,1.,0.));
#2274=DIRECTION('',(0.,0.,1.));
#2275=DIRECTION('',(1.,0.,0.));
#2276=DIRECTION('',(1.,8.95341148891256E-17,0.));
#2277=DIRECTION('',(0.,0.,1.));
#2278=DIRECTION('',(1.,0.,0.));
#2279=DIRECTION('',(3.26536183713282E-16,-1.,0.));
#2280=DIRECTION('',(6.33101797856361E-17,-0.707106781186547,0.707106781186548));
#2281=DIRECTION('',(-1.,-8.95341148891256E-17,0.));
#2282=DIRECTION('',(0.,-0.707106781186548,-0.707106781186547));
#2283=DIRECTION('',(1.,0.,0.));
#2284=DIRECTION('',(-1.,0.,0.));
#2285=DIRECTION('',(0.,0.707106781186548,0.707106781186547));
#2286=DIRECTION('',(0.,0.,1.));
#2287=DIRECTION('',(1.,0.,0.));
#2288=DIRECTION('',(0.707106781186548,1.6355129777956E-15,0.707106781186547));
#2289=DIRECTION('',(0.,0.,1.));
#2290=DIRECTION('',(1.,0.,0.));
#2291=DIRECTION('',(0.70710678118655,0.,-0.707106781186546));
#2292=DIRECTION('',(-0.707106781186547,-2.30895949806437E-16,0.707106781186548));
#2293=DIRECTION('',(-3.26536183713282E-16,1.,0.));
#2294=DIRECTION('',(0.707106781186548,0.,0.707106781186547));
#2295=DIRECTION('',(-0.707106781186547,-2.30895949806437E-16,-0.707106781186548));
#2296=DIRECTION('',(3.26536183713282E-16,-1.,0.));
#2297=DIRECTION('',(0.707106781186548,0.,-0.707106781186547));
#2298=DIRECTION('',(0.,0.,1.));
#2299=DIRECTION('',(1.,0.,0.));
#2300=DIRECTION('',(0.,-0.707106781186548,0.707106781186547));
#2301=DIRECTION('',(0.,0.,1.));
#2302=DIRECTION('',(1.,0.,0.));
#2303=DIRECTION('',(0.,0.707106781186548,-0.707106781186547));
#2304=DIRECTION('',(6.33101797856361E-17,-0.707106781186547,-0.707106781186548));
#2305=DIRECTION('',(1.,8.95341148891256E-17,0.));
#2306=DIRECTION('',(-1.,0.,0.));
#2307=DIRECTION('',(1.,0.,0.));
#2308=DIRECTION('',(0.,-0.6,0.8));
#2309=DIRECTION('',(0.,-0.8,-0.6));
#2310=DIRECTION('',(0.,-0.8,-0.6));
#2311=DIRECTION('',(0.,0.8,0.6));
#2312=DIRECTION('',(1.,0.,0.));
#2313=DIRECTION('',(0.,1.,0.));
#2314=DIRECTION('',(1.,0.,0.));
#2315=DIRECTION('',(0.,0.,-1.));
#2316=DIRECTION('',(0.,0.8,0.6));
#2317=DIRECTION('',(1.,0.,0.));
#2318=DIRECTION('',(0.,0.,-1.));
#2319=DIRECTION('',(0.,0.,1.));
#2320=DIRECTION('',(1.,0.,0.));
#2321=DIRECTION('',(0.,1.,0.));
#2322=DIRECTION('',(1.,0.,0.));
#2323=DIRECTION('',(0.,1.,0.));
#2324=DIRECTION('',(1.,0.,0.));
#2325=DIRECTION('',(0.,0.,-1.));
#2326=DIRECTION('',(0.,0.,-1.));
#2327=DIRECTION('',(1.,0.,0.));
#2328=DIRECTION('',(0.,0.,-1.));
#2329=DIRECTION('',(1.,0.,0.));
#2330=DIRECTION('',(1.,0.,0.));
#2331=DIRECTION('',(0.,0.,-1.));
#2332=DIRECTION('',(1.,0.,0.));
#2333=DIRECTION('',(-1.,0.,0.));
#2334=DIRECTION('',(0.,1.,-3.81639164714895E-15));
#2335=DIRECTION('',(0.,0.6,-0.8));
#2336=DIRECTION('',(0.,0.8,0.6));
#2337=DIRECTION('',(0.,0.8,0.6));
#2338=DIRECTION('',(0.,0.8,0.6));
#2339=DIRECTION('',(1.,0.,0.));
#2340=DIRECTION('',(0.,1.,0.));
#2341=DIRECTION('',(1.,0.,0.));
#2342=DIRECTION('',(0.,0.,-1.));
#2343=DIRECTION('',(0.,0.,-1.));
#2344=DIRECTION('',(1.,0.,0.));
#2345=DIRECTION('',(0.,0.,-1.));
#2346=DIRECTION('',(0.,-0.8,-0.6));
#2347=DIRECTION('',(1.,0.,0.));
#2348=DIRECTION('',(0.,1.,0.));
#2349=DIRECTION('',(0.,0.,-1.));
#2350=DIRECTION('',(1.,0.,0.));
#2351=DIRECTION('',(0.,0.,-1.));
#2352=DIRECTION('',(1.,0.,0.));
#2353=DIRECTION('',(0.,1.,0.));
#2354=DIRECTION('',(1.,0.,0.));
#2355=DIRECTION('',(0.,1.,0.));
#2356=DIRECTION('',(1.,0.,0.));
#2357=DIRECTION('',(0.,0.,-1.));
#2358=DIRECTION('',(1.,0.,0.));
#2359=DIRECTION('',(0.,1.,0.));
#2360=DIRECTION('',(1.,0.,0.));
#2361=DIRECTION('',(0.,0.,-1.));
#2362=DIRECTION('',(1.,0.,0.));
#2363=DIRECTION('',(0.,0.,-1.));
#2364=DIRECTION('',(-1.,0.,0.));
#2365=DIRECTION('',(0.,0.,1.));
#2366=DIRECTION('',(0.,-1.,0.));
#2367=DIRECTION('',(0.,0.,-1.));
#2368=DIRECTION('',(0.,0.,1.));
#2369=DIRECTION('',(1.,0.,0.));
#2370=DIRECTION('',(1.,0.,0.));
#2371=DIRECTION('',(0.,0.,-1.));
#2372=DIRECTION('',(1.,0.,0.));
#2373=DIRECTION('',(0.,0.,-1.));
#2374=DIRECTION('',(1.,0.,0.));
#2375=DIRECTION('',(0.,0.,-1.));
#2376=DIRECTION('',(1.,0.,0.));
#2377=DIRECTION('',(0.,0.,-1.));
#2378=DIRECTION('',(1.,0.,0.));
#2379=DIRECTION('',(0.,-1.,0.));
#2380=DIRECTION('',(0.,0.,-1.));
#2381=DIRECTION('',(0.,0.,-1.));
#2382=DIRECTION('',(-0.707106781186547,0.424264068711929,-0.565685424949239));
#2383=DIRECTION('',(0.,-0.8,-0.6));
#2384=DIRECTION('',(-0.707106781186548,-0.424264068711931,0.565685424949236));
#2385=DIRECTION('',(1.,0.,0.));
#2386=DIRECTION('',(0.,0.,-1.));
#2387=DIRECTION('',(0.707106781186548,-0.707106781186548,0.));
#2388=DIRECTION('',(0.,0.,-1.));
#2389=DIRECTION('',(-0.707106781186548,-0.707106781186548,1.2266347333467E-15));
#2390=DIRECTION('',(1.,0.,0.));
#2391=DIRECTION('',(0.,0.,-1.));
#2392=DIRECTION('',(0.707106781186547,0.424264068711929,-0.565685424949239));
#2393=DIRECTION('',(0.,-0.8,-0.6));
#2394=DIRECTION('',(-0.707106781186548,0.424264068711931,-0.565685424949236));
#2395=DIRECTION('',(-1.,0.,0.));
#2396=DIRECTION('',(0.,0.,1.));
#2397=DIRECTION('',(0.707106781186545,0.70710678118655,0.));
#2398=DIRECTION('',(0.,0.,1.));
#2399=DIRECTION('',(-0.70710678118655,0.707106781186545,-1.22663473334669E-15));
#2400=DIRECTION('',(-1.,0.,0.));
#2401=DIRECTION('',(0.,0.,1.));
#2402=DIRECTION('',(0.,-0.000780654833264319,-0.999999695288969));
#2403=DIRECTION('',(0.,0.999999695288969,-0.000780654833264319));
#2404=DIRECTION('',(0.,-0.999999695288969,0.000780654833264319));
#2405=DIRECTION('',(0.,-0.999999695288969,0.000780654833264319));
#2406=DIRECTION('',(-1.,0.,0.));
#2407=DIRECTION('',(0.,1.,0.));
#2408=DIRECTION('',(0.,0.,1.));
#2409=DIRECTION('',(0.,0.,-1.));
#2410=DIRECTION('',(0.,0.,-1.));
#2411=DIRECTION('',(1.,0.,0.));
#2412=DIRECTION('',(0.,1.,0.));
#2413=DIRECTION('',(1.,0.,0.));
#2414=DIRECTION('',(0.,1.,0.));
#2415=DIRECTION('',(0.,0.000780654833264319,0.999999695288969));
#2416=DIRECTION('',(0.,-0.999999695288969,0.000780654833264319));
#2417=DIRECTION('',(0.,-0.999999695288969,0.000780654833264319));
#2418=DIRECTION('',(1.,0.,0.));
#2419=DIRECTION('',(0.,-0.999999695288969,0.000780654833264319));
#2420=DIRECTION('',(0.,-1.,0.));
#2421=DIRECTION('',(0.,0.,-1.));
#2422=DIRECTION('',(0.,0.,-1.));
#2423=DIRECTION('',(0.,0.,-1.));
#2424=DIRECTION('',(1.,0.,0.));
#2425=DIRECTION('',(0.,1.,0.));
#2426=DIRECTION('',(1.,0.,0.));
#2427=DIRECTION('',(0.,1.,0.));
#2428=DIRECTION('',(-1.16398253092225E-15,0.00290539251498182,0.99999577933826));
#2429=DIRECTION('',(-1.,-1.60079542551711E-16,-1.16352234785178E-15));
#2430=DIRECTION('',(8.95341148891256E-17,-1.,0.));
#2431=DIRECTION('',(1.,8.95341148891256E-17,0.));
#2432=DIRECTION('',(-1.,-8.95341148891255E-17,0.));
#2433=DIRECTION('',(0.,0.,-1.));
#2434=DIRECTION('',(1.,0.,0.));
#2435=DIRECTION('',(0.,0.,-1.));
#2436=DIRECTION('',(-1.,-8.95341148891255E-17,0.));
#2437=DIRECTION('',(0.,0.,-1.));
#2438=DIRECTION('',(1.,8.95341148891256E-17,0.));
#2439=DIRECTION('',(0.,0.,-1.));
#2440=DIRECTION('',(8.95341148891256E-17,-1.,0.));
#2441=DIRECTION('',(1.,8.95341148891256E-17,0.));
#2442=DIRECTION('',(0.,0.,-1.));
#2443=DIRECTION('',(-1.,-8.95341148891255E-17,0.));
#2444=DIRECTION('',(0.,0.,-1.));
#2445=DIRECTION('',(-1.,-8.95341148891256E-17,0.));
#2446=DIRECTION('',(0.,0.,1.));
#2447=DIRECTION('',(1.,0.,0.));
#2448=DIRECTION('',(0.,0.,1.));
#2449=DIRECTION('',(1.,0.,0.));
#2450=DIRECTION('',(-1.,-8.95341148891256E-17,0.));
#2451=DIRECTION('',(0.,0.,1.));
#2452=DIRECTION('',(1.,0.,0.));
#2453=DIRECTION('',(-3.26536183713282E-16,1.,0.));
#2454=DIRECTION('',(0.,0.,1.));
#2455=DIRECTION('',(1.,0.,0.));
#2456=DIRECTION('',(1.,8.95341148891256E-17,0.));
#2457=DIRECTION('',(0.,0.,1.));
#2458=DIRECTION('',(1.,0.,0.));
#2459=DIRECTION('',(3.26536183713282E-16,-1.,0.));
#2460=DIRECTION('',(0.,-1.,0.));
#2461=DIRECTION('',(0.,0.,-1.));
#2462=DIRECTION('',(-1.,0.,0.));
#2463=DIRECTION('',(0.,0.,-1.));
#2464=DIRECTION('',(-1.,0.,0.));
#2465=DIRECTION('',(0.,0.,-1.));
#2466=DIRECTION('',(-1.,0.,0.));
#2467=DIRECTION('',(0.,0.,1.));
#2468=DIRECTION('',(0.,0.,-1.));
#2469=DIRECTION('',(0.,1.,0.));
#2470=DIRECTION('',(0.,0.,-1.));
#2471=DIRECTION('',(0.,1.,0.));
#2472=DIRECTION('',(8.95341148891256E-17,-1.,0.));
#2473=DIRECTION('',(1.,8.95341148891256E-17,0.));
#2474=DIRECTION('',(0.,0.,-1.));
#2475=DIRECTION('',(-1.,-8.95341148891255E-17,0.));
#2476=DIRECTION('',(0.,0.,-1.));
#2477=DIRECTION('',(-1.,-8.95341148891255E-17,0.));
#2478=DIRECTION('',(-1.,0.,0.));
#2479=DIRECTION('',(0.,0.,1.));
#2480=DIRECTION('',(0.,1.,0.));
#2481=DIRECTION('',(0.,0.,-1.));
#2482=DIRECTION('',(0.,1.,0.));
#2483=DIRECTION('',(0.,0.,-1.));
#2484=DIRECTION('',(0.,1.,0.));
#2485=DIRECTION('',(0.,0.,1.));
#2486=DIRECTION('',(0.,0.,-1.));
#2487=DIRECTION('',(1.,0.,0.));
#2488=DIRECTION('',(0.,0.,-1.));
#2489=DIRECTION('',(1.,0.,0.));
#2490=DIRECTION('',(0.,0.,-1.));
#2491=DIRECTION('',(-1.,0.,0.));
#2492=DIRECTION('',(0.,0.,1.));
#2493=DIRECTION('',(0.,-1.,0.));
#2494=DIRECTION('',(0.,0.,1.));
#2495=DIRECTION('',(0.,-1.,0.));
#2496=DIRECTION('',(0.,0.,-1.));
#2497=DIRECTION('',(0.,0.,-1.));
#2498=DIRECTION('',(-1.,0.,0.));
#2499=DIRECTION('',(0.,0.,1.));
#2500=DIRECTION('',(-1.,0.,0.));
#2501=DIRECTION('',(0.,0.,-1.));
#2502=DIRECTION('',(0.,0.,1.));
#2503=DIRECTION('',(-1.,0.,0.));
#2504=DIRECTION('',(0.,0.,-1.));
#2505=DIRECTION('',(-1.,0.,0.));
#2506=DIRECTION('',(0.,0.,-1.));
#2507=DIRECTION('',(-1.,0.,0.));
#2508=DIRECTION('',(0.,0.,-1.));
#2509=DIRECTION('',(-1.,0.,0.));
#2510=DIRECTION('',(0.,0.,-1.));
#2511=DIRECTION('',(-1.,0.,0.));
#2512=DIRECTION('',(0.,0.,1.));
#2513=DIRECTION('',(1.,0.,0.));
#2514=DIRECTION('',(0.,0.,1.));
#2515=DIRECTION('',(1.,0.,0.));
#2516=DIRECTION('',(-1.,-3.26536183713282E-16,0.));
#2517=DIRECTION('',(3.26536183713282E-16,-1.,0.));
#2518=DIRECTION('',(0.,0.,-1.));
#2519=DIRECTION('',(3.26536183713282E-16,-1.,0.));
#2520=DIRECTION('',(0.,0.,-1.));
#2521=DIRECTION('',(-3.26536183713282E-16,1.,0.));
#2522=DIRECTION('',(0.,0.,-1.));
#2523=DIRECTION('',(-1.,0.,0.));
#2524=DIRECTION('',(0.,0.,1.));
#2525=DIRECTION('',(1.,0.,0.));
#2526=DIRECTION('',(0.,0.,1.));
#2527=DIRECTION('',(-1.,0.,0.));
#2528=DIRECTION('',(0.,0.,-1.));
#2529=DIRECTION('',(-1.,0.,0.));
#2530=DIRECTION('',(0.,0.,1.));
#2531=DIRECTION('',(1.,0.,0.));
#2532=DIRECTION('',(0.,0.,-1.));
#2533=DIRECTION('',(0.,0.,1.));
#2534=DIRECTION('',(0.,-1.,0.));
#2535=DIRECTION('',(-1.,-3.26536183713282E-16,0.));
#2536=DIRECTION('',(3.26536183713282E-16,-1.,0.));
#2537=DIRECTION('',(-3.26536183713282E-16,1.,0.));
#2538=DIRECTION('',(0.,0.,-1.));
#2539=DIRECTION('',(-3.26536183713282E-16,1.,0.));
#2540=DIRECTION('',(0.,0.,-1.));
#2541=DIRECTION('',(-1.,0.,0.));
#2542=DIRECTION('',(0.,0.,1.));
#2543=DIRECTION('',(1.,0.,0.));
#2544=DIRECTION('',(0.,0.,1.));
#2545=DIRECTION('',(1.,2.60208521396521E-15,0.));
#2546=DIRECTION('',(8.95341148891256E-17,-1.,0.));
#2547=DIRECTION('',(1.,8.95341148891256E-17,0.));
#2548=DIRECTION('',(-1.,-8.95341148891255E-17,0.));
#2549=DIRECTION('',(0.,0.,-1.));
#2550=DIRECTION('',(-1.,-8.95341148891256E-17,0.));
#2551=DIRECTION('',(0.,0.,-1.));
#2552=DIRECTION('',(-1.,-1.7613430967956E-16,0.));
#2553=DIRECTION('',(1.7613430967956E-16,-1.,0.));
#2554=DIRECTION('',(-1.7613430967956E-16,1.,0.));
#2555=DIRECTION('',(0.,0.,-1.));
#2556=DIRECTION('',(-1.7613430967956E-16,1.,0.));
#2557=DIRECTION('',(0.,-1.,0.));
#2558=DIRECTION('',(0.,0.,-1.));
#2559=DIRECTION('',(-1.,0.,0.));
#2560=DIRECTION('',(-1.,0.,0.));
#2561=DIRECTION('',(-1.,0.,0.));
#2562=DIRECTION('',(0.,0.,1.));
#2563=DIRECTION('',(0.,1.,0.));
#2564=DIRECTION('',(0.,0.,-1.));
#2565=DIRECTION('',(0.,1.,0.));
#2566=DIRECTION('',(1.17316466265717E-16,-1.,0.));
#2567=DIRECTION('',(1.,1.17316466265717E-16,0.));
#2568=DIRECTION('',(-1.,-1.17316466265717E-16,0.));
#2569=DIRECTION('',(0.,0.,-1.));
#2570=DIRECTION('',(-1.,-1.17316466265717E-16,0.));
#2571=DIRECTION('',(-1.,0.,0.));
#2572=DIRECTION('',(0.,0.,1.));
#2573=DIRECTION('',(0.,1.,0.));
#2574=DIRECTION('',(0.,1.,0.));
#2575=DIRECTION('',(0.,1.,0.));
#2576=DIRECTION('',(0.,0.,1.));
#2577=DIRECTION('',(1.,0.,0.));
#2578=DIRECTION('',(0.,0.,-1.));
#2579=DIRECTION('',(1.,0.,0.));
#2580=DIRECTION('',(-1.,-1.7613430967956E-16,0.));
#2581=DIRECTION('',(1.7613430967956E-16,-1.,0.));
#2582=DIRECTION('',(-1.7613430967956E-16,1.,0.));
#2583=DIRECTION('',(-1.7613430967956E-16,1.,0.));
#2584=DIRECTION('',(0.,0.,-1.));
#2585=DIRECTION('',(-1.,0.,0.));
#2586=DIRECTION('',(0.,0.,1.));
#2587=DIRECTION('',(1.,0.,0.));
#2588=DIRECTION('',(0.,0.,1.));
#2589=DIRECTION('',(-1.7347234759768E-15,1.,0.));
#2590=DIRECTION('',(0.,0.,1.));
#2591=DIRECTION('',(1.,0.,0.));
#2592=DIRECTION('',(0.,1.,0.));
#2593=DIRECTION('',(-1.,0.,0.));
#2594=DIRECTION('',(0.,1.,0.));
#2595=DIRECTION('',(1.,0.,0.));
#2596=DIRECTION('',(0.,0.,1.));
#2597=DIRECTION('',(1.,0.,0.));
#2598=DIRECTION('',(6.33101797856361E-17,-0.707106781186547,0.707106781186548));
#2599=DIRECTION('',(-1.,-8.95341148891256E-17,0.));
#2600=DIRECTION('',(0.,-0.707106781186548,-0.707106781186547));
#2601=DIRECTION('',(-1.,0.,0.));
#2602=DIRECTION('',(0.,0.707106781186548,0.707106781186547));
#2603=DIRECTION('',(0.,0.,1.));
#2604=DIRECTION('',(1.,0.,0.));
#2605=DIRECTION('',(0.707106781186548,1.6355129777956E-15,0.707106781186547));
#2606=DIRECTION('',(0.,0.,1.));
#2607=DIRECTION('',(1.,0.,0.));
#2608=DIRECTION('',(0.70710678118655,0.,-0.707106781186546));
#2609=DIRECTION('',(-0.707106781186547,-2.30895949806437E-16,0.707106781186548));
#2610=DIRECTION('',(-3.26536183713282E-16,1.,0.));
#2611=DIRECTION('',(0.707106781186548,0.,0.707106781186547));
#2612=DIRECTION('',(-0.707106781186547,-2.30895949806437E-16,-0.707106781186548));
#2613=DIRECTION('',(3.26536183713282E-16,-1.,0.));
#2614=DIRECTION('',(0.707106781186548,0.,-0.707106781186547));
#2615=DIRECTION('',(0.,0.,1.));
#2616=DIRECTION('',(1.,0.,0.));
#2617=DIRECTION('',(0.,-0.707106781186548,0.707106781186547));
#2618=DIRECTION('',(0.,0.,1.));
#2619=DIRECTION('',(1.,0.,0.));
#2620=DIRECTION('',(0.,0.707106781186548,-0.707106781186547));
#2621=DIRECTION('',(6.33101797856361E-17,-0.707106781186547,-0.707106781186548));
#2622=DIRECTION('',(1.,8.95341148891256E-17,0.));
#2623=DIRECTION('',(0.,-0.6,0.8));
#2624=DIRECTION('',(0.,-0.8,-0.6));
#2625=DIRECTION('',(0.,0.8,0.6));
#2626=DIRECTION('',(-1.,0.,0.));
#2627=DIRECTION('',(0.,0.8,0.6));
#2628=DIRECTION('',(-1.,0.,0.));
#2629=DIRECTION('',(0.,0.,1.));
#2630=DIRECTION('',(-1.,0.,0.));
#2631=DIRECTION('',(0.,1.,-3.81639164714895E-15));
#2632=DIRECTION('',(-1.,0.,0.));
#2633=DIRECTION('',(0.,1.,-3.81639164714895E-15));
#2634=DIRECTION('',(1.,0.,0.));
#2635=DIRECTION('',(0.,1.,0.));
#2636=DIRECTION('',(1.,0.,0.));
#2637=DIRECTION('',(0.,0.,-1.));
#2638=DIRECTION('',(1.,0.,0.));
#2639=DIRECTION('',(0.,1.,0.));
#2640=DIRECTION('',(1.,0.,0.));
#2641=DIRECTION('',(0.,0.,-1.));
#2642=DIRECTION('',(-1.,0.,0.));
#2643=DIRECTION('',(0.,-1.,0.));
#2644=DIRECTION('',(-1.,0.,0.));
#2645=DIRECTION('',(0.,0.,1.));
#2646=DIRECTION('',(-1.,0.,0.));
#2647=DIRECTION('',(0.,-1.,0.));
#2648=DIRECTION('',(-1.,0.,0.));
#2649=DIRECTION('',(0.,0.,1.));
#2650=DIRECTION('',(-1.,0.,0.));
#2651=DIRECTION('',(0.,0.,1.));
#2652=DIRECTION('',(1.,0.,0.));
#2653=DIRECTION('',(0.,0.,-1.));
#2654=DIRECTION('',(0.,0.,-1.));
#2655=DIRECTION('',(-1.,0.,0.));
#2656=DIRECTION('',(0.,1.,0.));
#2657=DIRECTION('',(1.,0.,0.));
#2658=DIRECTION('',(0.,1.,0.));
#2659=DIRECTION('',(0.,-1.,0.));
#2660=DIRECTION('',(0.,0.,-1.));
#2661=DIRECTION('',(0.,0.,-1.));
#2662=DIRECTION('',(0.,0.,-1.));
#2663=DIRECTION('',(1.,0.,0.));
#2664=DIRECTION('',(0.,1.,0.));
#2665=DIRECTION('',(1.,0.,0.));
#2666=DIRECTION('',(0.,1.,0.));
#2667=DIRECTION('',(0.,0.,1.));
#2668=DIRECTION('',(1.,0.,0.));
#2669=CARTESIAN_POINT('',(0.,0.,0.));
#2670=CARTESIAN_POINT('',(2.77555756156289E-17,-0.0505,0.013));
#2671=CARTESIAN_POINT('',(2.77555756156289E-17,-0.0505,0.013));
#2672=CARTESIAN_POINT('',(0.01,-0.0505,0.013));
#2673=CARTESIAN_POINT('',(-0.01,-0.0505,0.013));
#2674=CARTESIAN_POINT('',(-0.01,-0.0505,0.00678550421985089));
#2675=CARTESIAN_POINT('',(-0.01,-0.0505,0.003));
#2676=CARTESIAN_POINT('',(0.0775,-0.0505,0.003));
#2677=CARTESIAN_POINT('',(0.01,-0.0505,0.003));
#2678=CARTESIAN_POINT('',(0.01,-0.0505,0.00678550421985089));
#2679=CARTESIAN_POINT('',(0.,6.93889390390723E-18,0.013));
#2680=CARTESIAN_POINT('',(-0.0815,-0.00310453005135059,0.013));
#2681=CARTESIAN_POINT('',(-0.0815,-0.0425,0.013));
#2682=CARTESIAN_POINT('',(-0.0815,0.0425,0.013));
#2683=CARTESIAN_POINT('',(-0.0775,0.0425,0.013));
#2684=CARTESIAN_POINT('',(-0.0775,0.0465,0.013));
#2685=CARTESIAN_POINT('',(0.,0.0465,0.013));
#2686=CARTESIAN_POINT('',(0.0775,0.0465,0.013));
#2687=CARTESIAN_POINT('',(0.0775,0.0425,0.013));
#2688=CARTESIAN_POINT('',(0.0815,0.0425,0.013));
#2689=CARTESIAN_POINT('',(0.0815,-0.00310453005135059,0.013));
#2690=CARTESIAN_POINT('',(0.0815,-0.0425,0.013));
#2691=CARTESIAN_POINT('',(0.0775,-0.0425,0.013));
#2692=CARTESIAN_POINT('',(0.0775,-0.0465,0.013));
#2693=CARTESIAN_POINT('',(2.77555756156289E-17,-0.0465,0.013));
#2694=CARTESIAN_POINT('',(-0.0775,-0.0465,0.013));
#2695=CARTESIAN_POINT('',(-0.0775,-0.0425,0.013));
#2696=CARTESIAN_POINT('',(2.77555756156289E-17,-0.0505,0.013));
#2697=CARTESIAN_POINT('',(-0.02,-0.0505,0.013));
#2698=CARTESIAN_POINT('',(-0.0775,-0.0505,0.013));
#2699=CARTESIAN_POINT('',(-0.02,6.93889390390723E-18,0.013));
#2700=CARTESIAN_POINT('',(-0.02,-0.0495,0.013));
#2701=CARTESIAN_POINT('',(0.,-0.0495,0.013));
#2702=CARTESIAN_POINT('',(-0.01,-0.0495,0.013));
#2703=CARTESIAN_POINT('',(-0.01,6.93889390390723E-18,0.013));
#2704=CARTESIAN_POINT('',(0.01,6.93889390390723E-18,0.013));
#2705=CARTESIAN_POINT('',(0.01,-0.0495,0.013));
#2706=CARTESIAN_POINT('',(0.,-0.0495,0.013));
#2707=CARTESIAN_POINT('',(0.02,-0.0495,0.013));
#2708=CARTESIAN_POINT('',(0.02,6.93889390390723E-18,0.013));
#2709=CARTESIAN_POINT('',(0.02,-0.0505,0.013));
#2710=CARTESIAN_POINT('',(2.77555756156289E-17,-0.0505,0.013));
#2711=CARTESIAN_POINT('',(0.0775,-0.0505,0.013));
#2712=CARTESIAN_POINT('',(0.0775,-0.0425,0.013));
#2713=CARTESIAN_POINT('',(0.0855,-0.0425,0.013));
#2714=CARTESIAN_POINT('',(0.0855,1.38777878078145E-17,0.013));
#2715=CARTESIAN_POINT('',(0.0855,0.0425,0.013));
#2716=CARTESIAN_POINT('',(0.0775,0.0425,0.013));
#2717=CARTESIAN_POINT('',(0.0775,0.0505,0.013));
#2718=CARTESIAN_POINT('',(0.,0.0505,0.013));
#2719=CARTESIAN_POINT('',(0.0405,0.0505,0.013));
#2720=CARTESIAN_POINT('',(0.0405,0.05075,0.013));
#2721=CARTESIAN_POINT('',(0.0405,0.053,0.013));
#2722=CARTESIAN_POINT('',(0.043,0.0555,0.013));
#2723=CARTESIAN_POINT('',(0.0385,0.051,0.013));
#2724=CARTESIAN_POINT('',(-0.1262,0.051,0.013));
#2725=CARTESIAN_POINT('',(0.0255,0.051,0.013));
#2726=CARTESIAN_POINT('',(0.0255,0.0555,0.013));
#2727=CARTESIAN_POINT('',(0.0255,0.0505,0.013));
#2728=CARTESIAN_POINT('',(0.,0.0505,0.013));
#2729=CARTESIAN_POINT('',(-0.0255,0.0505,0.013));
#2730=CARTESIAN_POINT('',(-0.0255,0.0555,0.013));
#2731=CARTESIAN_POINT('',(-0.0255,0.051,0.013));
#2732=CARTESIAN_POINT('',(-0.1262,0.051,0.013));
#2733=CARTESIAN_POINT('',(-0.0385,0.051,0.013));
#2734=CARTESIAN_POINT('',(-0.043,0.0555,0.013));
#2735=CARTESIAN_POINT('',(-0.0405,0.053,0.013));
#2736=CARTESIAN_POINT('',(-0.0405,0.0555,0.013));
#2737=CARTESIAN_POINT('',(-0.0405,0.0505,0.013));
#2738=CARTESIAN_POINT('',(0.,0.0505,0.013));
#2739=CARTESIAN_POINT('',(-0.0775,0.0505,0.013));
#2740=CARTESIAN_POINT('',(-0.0775,0.0425,0.013));
#2741=CARTESIAN_POINT('',(-0.0855,0.0425,0.013));
#2742=CARTESIAN_POINT('',(-0.0855,0.,0.013));
#2743=CARTESIAN_POINT('',(-0.0855,-0.0425,0.013));
#2744=CARTESIAN_POINT('',(-0.0775,-0.0425,0.013));
#2745=CARTESIAN_POINT('',(2.77555756156289E-17,-0.0505,0.013));
#2746=CARTESIAN_POINT('',(0.02,-0.0505,0.00678550421985089));
#2747=CARTESIAN_POINT('',(0.02,-0.0505,0.003));
#2748=CARTESIAN_POINT('',(0.0775,-0.0505,0.003));
#2749=CARTESIAN_POINT('',(0.0775,-0.0505,0.003));
#2750=CARTESIAN_POINT('',(0.0775,-0.0505,0.013));
#2751=CARTESIAN_POINT('',(0.0405,0.0555,0.013));
#2752=CARTESIAN_POINT('',(-0.1262,0.06,0.0108205505282296));
#2753=CARTESIAN_POINT('',(0.0255,0.06,0.0108205505282296));
#2754=CARTESIAN_POINT('',(0.0385,0.06,0.0108205505282296));
#2755=CARTESIAN_POINT('',(0.0385,0.0555,0.013));
#2756=CARTESIAN_POINT('',(0.0385,0.0585,0.009));
#2757=CARTESIAN_POINT('',(0.0405,0.0585,0.009));
#2758=CARTESIAN_POINT('',(0.0255,0.0585,0.009));
#2759=CARTESIAN_POINT('',(0.0255,0.0555,0.013));
#2760=CARTESIAN_POINT('',(0.,0.0505,0.013));
#2761=CARTESIAN_POINT('',(-0.0255,0.0505,0.008));
#2762=CARTESIAN_POINT('',(-0.0255,0.0505,0.003));
#2763=CARTESIAN_POINT('',(0.0255,0.0505,0.008));
#2764=CARTESIAN_POINT('',(0.0255,0.0505,0.003));
#2765=CARTESIAN_POINT('',(0.,0.0505,0.003));
#2766=CARTESIAN_POINT('',(0.,0.0505,0.013));
#2767=CARTESIAN_POINT('',(0.0405,0.0505,0.008));
#2768=CARTESIAN_POINT('',(0.0405,0.0505,0.0055));
#2769=CARTESIAN_POINT('',(0.0775,0.0505,0.013));
#2770=CARTESIAN_POINT('',(0.0775,0.0505,0.003));
#2771=CARTESIAN_POINT('',(0.,0.0505,0.003));
#2772=CARTESIAN_POINT('',(0.0385,0.0505,0.003));
#2773=CARTESIAN_POINT('',(0.0283536585365853,0.0505,-0.00968292682926831));
#2774=CARTESIAN_POINT('',(2.77555756156289E-17,-0.0465,0.013));
#2775=CARTESIAN_POINT('',(0.0775,-0.0465,0.013));
#2776=CARTESIAN_POINT('',(0.0775,-0.0465,0.001));
#2777=CARTESIAN_POINT('',(2.77555756156289E-17,-0.0465,0.001));
#2778=CARTESIAN_POINT('',(-0.0775,-0.0465,0.001));
#2779=CARTESIAN_POINT('',(-0.0775,-0.0465,0.013));
#2780=CARTESIAN_POINT('',(0.0775,-0.0425,0.013));
#2781=CARTESIAN_POINT('',(0.0775,-0.0425,0.001));
#2782=CARTESIAN_POINT('',(0.0815,-0.0425,0.001));
#2783=CARTESIAN_POINT('',(0.0815,-0.0425,0.013));
#2784=CARTESIAN_POINT('',(-0.0775,-0.0425,0.013));
#2785=CARTESIAN_POINT('',(-0.0775,-0.0425,0.001));
#2786=CARTESIAN_POINT('',(-0.0815,-0.0425,0.001));
#2787=CARTESIAN_POINT('',(-0.0815,-0.0425,0.013));
#2788=CARTESIAN_POINT('',(-0.0855,0.,0.013));
#2789=CARTESIAN_POINT('',(-0.0855,0.0425,0.013));
#2790=CARTESIAN_POINT('',(-0.0855,0.0425,0.003));
#2791=CARTESIAN_POINT('',(-0.0855,-0.0425,0.003));
#2792=CARTESIAN_POINT('',(-0.0855,-0.0425,0.003));
#2793=CARTESIAN_POINT('',(-0.0855,-0.0425,0.013));
#2794=CARTESIAN_POINT('',(-0.0775,-0.0425,0.013));
#2795=CARTESIAN_POINT('',(-0.0775,-0.0425,0.003));
#2796=CARTESIAN_POINT('',(-0.0775,-0.0505,0.003));
#2797=CARTESIAN_POINT('',(-0.0775,-0.0505,0.013));
#2798=CARTESIAN_POINT('',(2.77555756156289E-17,-0.0505,0.013));
#2799=CARTESIAN_POINT('',(-0.02,-0.0505,0.00678550421985089));
#2800=CARTESIAN_POINT('',(-0.02,-0.0505,0.003));
#2801=CARTESIAN_POINT('',(0.0775,-0.0505,0.003));
#2802=CARTESIAN_POINT('',(0.0775,-0.0425,0.013));
#2803=CARTESIAN_POINT('',(0.0775,-0.0425,0.003));
#2804=CARTESIAN_POINT('',(0.0855,-0.0425,0.003));
#2805=CARTESIAN_POINT('',(0.0855,-0.0425,0.013));
#2806=CARTESIAN_POINT('',(0.0855,1.38777878078145E-17,0.013));
#2807=CARTESIAN_POINT('',(0.0855,1.38777878078145E-17,0.003));
#2808=CARTESIAN_POINT('',(0.0855,0.0425,0.003));
#2809=CARTESIAN_POINT('',(0.0855,0.0425,0.013));
#2810=CARTESIAN_POINT('',(0.0775,0.0425,0.013));
#2811=CARTESIAN_POINT('',(0.0775,0.0425,0.003));
#2812=CARTESIAN_POINT('',(0.,0.0505,0.013));
#2813=CARTESIAN_POINT('',(-0.0405,0.0505,0.008));
#2814=CARTESIAN_POINT('',(-0.0405,0.0505,0.0055));
#2815=CARTESIAN_POINT('',(-0.0283536585365853,0.0505,-0.00968292682926832));
#2816=CARTESIAN_POINT('',(-0.0385,0.0505,0.003));
#2817=CARTESIAN_POINT('',(0.,0.0505,0.003));
#2818=CARTESIAN_POINT('',(-0.0775,0.0505,0.003));
#2819=CARTESIAN_POINT('',(-0.0775,0.0505,0.013));
#2820=CARTESIAN_POINT('',(-0.0815,-0.00310453005135059,0.013));
#2821=CARTESIAN_POINT('',(-0.0815,-0.00310453005135059,0.001));
#2822=CARTESIAN_POINT('',(-0.0815,0.0425,0.001));
#2823=CARTESIAN_POINT('',(-0.0815,0.0425,0.013));
#2824=CARTESIAN_POINT('',(-0.0775,0.0425,0.013));
#2825=CARTESIAN_POINT('',(-0.0775,0.0425,0.001));
#2826=CARTESIAN_POINT('',(-0.0775,0.0465,0.001));
#2827=CARTESIAN_POINT('',(-0.0775,0.0465,0.013));
#2828=CARTESIAN_POINT('',(0.,0.0465,0.013));
#2829=CARTESIAN_POINT('',(0.,0.0465,0.001));
#2830=CARTESIAN_POINT('',(0.0775,0.0465,0.001));
#2831=CARTESIAN_POINT('',(0.0775,0.0465,0.013));
#2832=CARTESIAN_POINT('',(0.0775,0.0425,0.013));
#2833=CARTESIAN_POINT('',(0.0775,0.0425,0.001));
#2834=CARTESIAN_POINT('',(0.0815,0.0425,0.001));
#2835=CARTESIAN_POINT('',(0.0815,0.0425,0.013));
#2836=CARTESIAN_POINT('',(0.0815,-0.00310453005135059,0.013));
#2837=CARTESIAN_POINT('',(0.0815,-0.00310453005135059,0.001));
#2838=CARTESIAN_POINT('',(-0.0775,0.0425,0.013));
#2839=CARTESIAN_POINT('',(-0.0775,0.0425,0.003));
#2840=CARTESIAN_POINT('',(0.,6.93889390390723E-18,0.001));
#2841=CARTESIAN_POINT('',(0.,6.93889390390723E-18,0.));
#2842=CARTESIAN_POINT('',(0.0775,-0.0425,0.));
#2843=CARTESIAN_POINT('',(0.0825,-0.0425,0.));
#2844=CARTESIAN_POINT('',(0.0775,-0.0475,0.));
#2845=CARTESIAN_POINT('',(-0.0775,-0.0475,0.));
#2846=CARTESIAN_POINT('',(-0.0775,-0.0475,0.));
#2847=CARTESIAN_POINT('',(-0.0775,-0.0425,0.));
#2848=CARTESIAN_POINT('',(-0.0825,-0.0425,0.));
#2849=CARTESIAN_POINT('',(-0.0825,0.0425,0.));
#2850=CARTESIAN_POINT('',(-0.0825,0.0425,0.));
#2851=CARTESIAN_POINT('',(-0.0775,0.0425,0.));
#2852=CARTESIAN_POINT('',(-0.0775,0.0475,0.));
#2853=CARTESIAN_POINT('',(-4.25287045723346E-18,0.0475,0.));
#2854=CARTESIAN_POINT('',(0.0775,0.0475,0.));
#2855=CARTESIAN_POINT('',(0.0775,0.0425,0.));
#2856=CARTESIAN_POINT('',(0.0825,0.0425,0.));
#2857=CARTESIAN_POINT('',(0.0825,3.38781290602529E-17,0.));
#2858=CARTESIAN_POINT('',(0.,0.0505,0.003));
#2859=CARTESIAN_POINT('',(-0.0775,0.0505,0.003));
#2860=CARTESIAN_POINT('',(-0.0405,0.0505,0.003));
#2861=CARTESIAN_POINT('',(0.0405,0.0505,0.003));
#2862=CARTESIAN_POINT('',(0.0775,0.0475,0.));
#2863=CARTESIAN_POINT('',(0.0775,0.0425,0.003));
#2864=CARTESIAN_POINT('',(0.0825,0.0425,0.));
#2865=CARTESIAN_POINT('',(-0.0775,0.0425,0.003));
#2866=CARTESIAN_POINT('',(-0.0855,0.0425,0.003));
#2867=CARTESIAN_POINT('',(0.0855,1.38777878078145E-17,0.003));
#2868=CARTESIAN_POINT('',(0.0825,-0.0425,0.));
#2869=CARTESIAN_POINT('',(-0.0825,-2.00003412524385E-17,0.));
#2870=CARTESIAN_POINT('',(-0.0855,-0.0425,0.003));
#2871=CARTESIAN_POINT('',(0.0775,-0.0425,0.003));
#2872=CARTESIAN_POINT('',(0.0775,-0.0475,0.));
#2873=CARTESIAN_POINT('',(-0.0775,-0.0425,0.003));
#2874=CARTESIAN_POINT('',(-0.0775,-0.0505,0.003));
#2875=CARTESIAN_POINT('',(4.25287045723346E-18,-0.0475,0.));
#2876=CARTESIAN_POINT('',(0.02,-0.0505,0.003));
#2877=CARTESIAN_POINT('',(-0.02,-0.0505,0.003));
#2878=CARTESIAN_POINT('',(0.0405,0.0545,0.006));
#2879=CARTESIAN_POINT('',(0.0385,0.0505,0.003));
#2880=CARTESIAN_POINT('',(0.0255,0.0545,0.006));
#2881=CARTESIAN_POINT('',(0.0405,0.0555,0.0105));
#2882=CARTESIAN_POINT('',(0.0405,0.0555,0.013));
#2883=CARTESIAN_POINT('',(0.0405,0.058,0.013));
#2884=CARTESIAN_POINT('',(0.0405,0.0573,0.0106));
#2885=CARTESIAN_POINT('',(0.0405,0.0573,0.0106));
#2886=CARTESIAN_POINT('',(0.0405,0.0555,0.013));
#2887=CARTESIAN_POINT('',(0.0405,0.058,0.0113416876048223));
#2888=CARTESIAN_POINT('',(0.0405,0.058,0.013));
#2889=CARTESIAN_POINT('',(0.0255,0.0555,0.0105));
#2890=CARTESIAN_POINT('',(0.0255,0.0555,0.013));
#2891=CARTESIAN_POINT('',(0.0255,0.059675,0.013));
#2892=CARTESIAN_POINT('',(0.0255,0.0555,0.013));
#2893=CARTESIAN_POINT('',(0.0255,0.06,0.013));
#2894=CARTESIAN_POINT('',(0.0255,0.06,0.0105));
#2895=CARTESIAN_POINT('',(-0.0405,0.0555,0.013));
#2896=CARTESIAN_POINT('',(-0.0405,0.0585,0.009));
#2897=CARTESIAN_POINT('',(-0.0385,0.0585,0.009));
#2898=CARTESIAN_POINT('',(-0.0255,0.0585,0.009));
#2899=CARTESIAN_POINT('',(-0.0385,0.0555,0.013));
#2900=CARTESIAN_POINT('',(-0.0385,0.06,0.0108205505282296));
#2901=CARTESIAN_POINT('',(-0.1262,0.06,0.0108205505282296));
#2902=CARTESIAN_POINT('',(-0.0255,0.06,0.0108205505282296));
#2903=CARTESIAN_POINT('',(-0.0255,0.0555,0.013));
#2904=CARTESIAN_POINT('',(-0.0405,0.0545,0.006));
#2905=CARTESIAN_POINT('',(-0.0385,0.0585,0.009));
#2906=CARTESIAN_POINT('',(-0.0255,0.0545,0.006));
#2907=CARTESIAN_POINT('',(-0.0405,0.0555,0.0105));
#2908=CARTESIAN_POINT('',(-0.0405,0.0555,0.013));
#2909=CARTESIAN_POINT('',(-0.0405,0.058,0.013));
#2910=CARTESIAN_POINT('',(-0.0405,0.058,0.0105));
#2911=CARTESIAN_POINT('',(-0.0405,0.058,0.0113416876048223));
#2912=CARTESIAN_POINT('',(-0.0405,0.0555,0.013));
#2913=CARTESIAN_POINT('',(-0.0405,0.0573,0.0106));
#2914=CARTESIAN_POINT('',(-0.0405,0.0493,0.0046));
#2915=CARTESIAN_POINT('',(-0.0255,0.0555,0.0105));
#2916=CARTESIAN_POINT('',(-0.0255,0.06,0.0105));
#2917=CARTESIAN_POINT('',(-0.0255,0.06,0.013));
#2918=CARTESIAN_POINT('',(-0.0255,0.0555,0.013));
#2919=CARTESIAN_POINT('',(-0.0255,0.0555,0.013));
#2920=CARTESIAN_POINT('',(-0.0255,0.059675,0.013));
#2921=CARTESIAN_POINT('',(0.0295,0.0555,0.0105));
#2922=CARTESIAN_POINT('',(0.0295,0.0555,0.013));
#2923=CARTESIAN_POINT('',(0.0295,0.0555,0.0121813985247091));
#2924=CARTESIAN_POINT('',(-0.0295,0.0555,0.0105));
#2925=CARTESIAN_POINT('',(-0.0295,0.0555,0.013));
#2926=CARTESIAN_POINT('',(-0.0295,0.0555,0.0121813985247091));
#2927=CARTESIAN_POINT('',(-0.0295,0.0555,0.013));
#2928=CARTESIAN_POINT('',(0.0255,0.0555,0.013));
#2929=CARTESIAN_POINT('',(-0.1262,0.06,0.0119102752641148));
#2930=CARTESIAN_POINT('',(-0.0385,0.06,0.0119102752641148));
#2931=CARTESIAN_POINT('',(-0.0385,0.06,0.013));
#2932=CARTESIAN_POINT('',(-0.1262,0.06,0.013));
#2933=CARTESIAN_POINT('',(-0.1262,0.0555,0.013));
#2934=CARTESIAN_POINT('',(-0.0385,0.0555,0.013));
#2935=CARTESIAN_POINT('',(-0.1262,0.0555,0.013));
#2936=CARTESIAN_POINT('',(0.0385,0.0555,0.013));
#2937=CARTESIAN_POINT('',(0.0385,0.06,0.013));
#2938=CARTESIAN_POINT('',(-0.1262,0.06,0.013));
#2939=CARTESIAN_POINT('',(-0.1262,0.06,0.0119102752641148));
#2940=CARTESIAN_POINT('',(0.0385,0.06,0.0108205505282296));
#2941=CARTESIAN_POINT('',(-0.0385,0.0545,0.006));
#2942=CARTESIAN_POINT('',(-0.0385,0.0585,0.009));
#2943=CARTESIAN_POINT('',(-0.0405,0.0555,0.013));
#2944=CARTESIAN_POINT('',(-0.0405,0.058,0.0113416876048223));
#2945=CARTESIAN_POINT('',(-0.0398367550563067,0.0586632449436933,0.0111417117300649));
#2946=CARTESIAN_POINT('',(-0.0391692939526021,0.0593307060473979,0.0109740970915409));
#2947=CARTESIAN_POINT('',(-0.0385,0.06,0.0108205505282296));
#2948=CARTESIAN_POINT('',(-0.0405,0.058,0.0105));
#2949=CARTESIAN_POINT('',(-0.0385,0.06,0.013));
#2950=CARTESIAN_POINT('',(-0.0385,0.0555,0.013));
#2951=CARTESIAN_POINT('',(0.0405,0.0561,0.0097));
#2952=CARTESIAN_POINT('',(0.0405,0.0573,0.0106));
#2953=CARTESIAN_POINT('',(0.0385,0.0555,0.013));
#2954=CARTESIAN_POINT('',(0.0385,0.06,0.0108205505282296));
#2955=CARTESIAN_POINT('',(0.0391692939526021,0.0593307060473979,0.0109740970915409));
#2956=CARTESIAN_POINT('',(0.0398367550563067,0.0586632449436933,0.0111417117300649));
#2957=CARTESIAN_POINT('',(0.0405,0.058,0.0113416876048223));
#2958=CARTESIAN_POINT('',(0.0385,0.06,0.0119102752641148));
#2959=CARTESIAN_POINT('',(0.0405,0.058,0.013));
#2960=CARTESIAN_POINT('',(0.0405,0.0555,0.013));
#2961=CARTESIAN_POINT('',(0.02,-0.05,0.00299960967246443));
#2962=CARTESIAN_POINT('',(0.01,-0.05,0.00299960967246443));
#2963=CARTESIAN_POINT('',(0.01,-0.0495,0.00299921934492886));
#2964=CARTESIAN_POINT('',(0.02,-0.05,0.00299960967246443));
#2965=CARTESIAN_POINT('',(0.02,-0.0495,0.00299921934492886));
#2966=CARTESIAN_POINT('',(0.02,-0.0495,0.00299921934492886));
#2967=CARTESIAN_POINT('',(0.02,-0.0495,0.00802728280130797));
#2968=CARTESIAN_POINT('',(0.01,-0.0495,0.00802728280130797));
#2969=CARTESIAN_POINT('',(0.02,-0.0495,0.00802728280130797));
#2970=CARTESIAN_POINT('',(0.02,-0.0559,0.0110746096724644));
#2971=CARTESIAN_POINT('',(0.01,-0.0559,0.0110746096724644));
#2972=CARTESIAN_POINT('',(-0.02,-0.05,0.00299960967246443));
#2973=CARTESIAN_POINT('',(-0.01,-0.05,0.00299960967246443));
#2974=CARTESIAN_POINT('',(-0.01,-0.0495,0.00299921934492886));
#2975=CARTESIAN_POINT('',(-0.02,-0.0495,0.00299921934492886));
#2976=CARTESIAN_POINT('',(-0.02,-0.0495,0.00299921934492886));
#2977=CARTESIAN_POINT('',(-0.02,-0.05,0.00299960967246443));
#2978=CARTESIAN_POINT('',(-0.02,-0.0495,0.00802728280130797));
#2979=CARTESIAN_POINT('',(-0.02,-0.0495,0.00802728280130797));
#2980=CARTESIAN_POINT('',(-0.01,-0.0495,0.00802728280130797));
#2981=CARTESIAN_POINT('',(-0.02,-0.0559,0.0110746096724644));
#2982=CARTESIAN_POINT('',(-0.01,-0.0559,0.0110746096724644));
#2983=CARTESIAN_POINT('',(-8.5238034196746E-6,0.117175102427896,-0.00575968386440743));
#2984=CARTESIAN_POINT('',(2.77555756156289E-17,-0.0505,0.013));
#2985=CARTESIAN_POINT('',(2.77555756156289E-17,-0.0505,0.013));
#2986=CARTESIAN_POINT('',(0.0775,-0.0505,0.013));
#2987=CARTESIAN_POINT('',(0.005,-0.0505,0.013));
#2988=CARTESIAN_POINT('',(0.005,-0.0505,0.00693212642034739));
#2989=CARTESIAN_POINT('',(0.005,-0.0505,0.00329324440099299));
#2990=CARTESIAN_POINT('',(-0.005,-0.0505,0.00329324440099299));
#2991=CARTESIAN_POINT('',(-0.005,-0.0505,0.00329324440099299));
#2992=CARTESIAN_POINT('',(-0.005,-0.0505,0.00693212642034739));
#2993=CARTESIAN_POINT('',(-0.005,-0.0505,0.013));
#2994=CARTESIAN_POINT('',(2.77555756156289E-17,-0.0505,0.013));
#2995=CARTESIAN_POINT('',(-0.0775,-0.0505,0.013));
#2996=CARTESIAN_POINT('',(-0.0775,-0.0505,0.013));
#2997=CARTESIAN_POINT('',(-0.0775,-0.0505,0.003));
#2998=CARTESIAN_POINT('',(0.0775,-0.0505,0.003));
#2999=CARTESIAN_POINT('',(0.0775,-0.0505,0.003));
#3000=CARTESIAN_POINT('',(0.0775,-0.0505,0.013));
#3001=CARTESIAN_POINT('',(0.,0.0505,0.013));
#3002=CARTESIAN_POINT('',(0.025,0.0505,0.008));
#3003=CARTESIAN_POINT('',(0.025,0.0505,0.013));
#3004=CARTESIAN_POINT('',(0.025,0.0505,0.003));
#3005=CARTESIAN_POINT('',(0.,0.0505,0.013));
#3006=CARTESIAN_POINT('',(0.0775,0.0505,0.013));
#3007=CARTESIAN_POINT('',(0.0775,0.0505,0.013));
#3008=CARTESIAN_POINT('',(0.0775,0.0505,0.003));
#3009=CARTESIAN_POINT('',(0.,0.0505,0.003));
#3010=CARTESIAN_POINT('',(0.,6.93889390390723E-18,0.));
#3011=CARTESIAN_POINT('',(0.0775,-0.0425,0.));
#3012=CARTESIAN_POINT('',(0.0825,-0.0425,0.));
#3013=CARTESIAN_POINT('',(0.0775,-0.0475,0.));
#3014=CARTESIAN_POINT('',(-0.0775,-0.0475,0.));
#3015=CARTESIAN_POINT('',(-0.0775,-0.0475,0.));
#3016=CARTESIAN_POINT('',(-0.0775,-0.0425,0.));
#3017=CARTESIAN_POINT('',(-0.0825,-0.0425,0.));
#3018=CARTESIAN_POINT('',(-0.0825,0.0425,0.));
#3019=CARTESIAN_POINT('',(-0.0825,0.0425,0.));
#3020=CARTESIAN_POINT('',(-0.0775,0.0425,0.));
#3021=CARTESIAN_POINT('',(-0.0775,0.0475,0.));
#3022=CARTESIAN_POINT('',(-4.25287045723346E-18,0.0475,0.));
#3023=CARTESIAN_POINT('',(0.0775,0.0475,0.));
#3024=CARTESIAN_POINT('',(0.0775,0.0425,0.));
#3025=CARTESIAN_POINT('',(0.0825,0.0425,0.));
#3026=CARTESIAN_POINT('',(0.0825,3.38781290602529E-17,0.));
#3027=CARTESIAN_POINT('',(-0.0683234014362097,0.0475,0.013));
#3028=CARTESIAN_POINT('',(-0.0683234014362097,0.0475,0.001));
#3029=CARTESIAN_POINT('',(-0.0591468028724194,0.0475,0.001));
#3030=CARTESIAN_POINT('',(-0.0775,0.0475,0.001));
#3031=CARTESIAN_POINT('',(-0.0591468028724194,0.0475,0.013));
#3032=CARTESIAN_POINT('',(-0.0591468028724194,0.0475,0.013));
#3033=CARTESIAN_POINT('',(-0.0683234014362097,0.0475,0.013));
#3034=CARTESIAN_POINT('',(-0.0775,0.0475,0.013));
#3035=CARTESIAN_POINT('',(-0.0775,0.0475,0.013));
#3036=CARTESIAN_POINT('',(-0.0825,0.0393954699486494,0.013));
#3037=CARTESIAN_POINT('',(-0.0825,0.0362909398972988,0.013));
#3038=CARTESIAN_POINT('',(-0.0825,0.0362909398972988,0.013));
#3039=CARTESIAN_POINT('',(-0.0825,0.0362909398972988,0.001));
#3040=CARTESIAN_POINT('',(-0.0825,0.0393954699486494,0.001));
#3041=CARTESIAN_POINT('',(-0.0825,0.0425,0.001));
#3042=CARTESIAN_POINT('',(-0.0825,0.0425,0.013));
#3043=CARTESIAN_POINT('',(-0.0825,0.0425,0.013));
#3044=CARTESIAN_POINT('',(-0.0825,0.0393954699486494,0.013));
#3045=CARTESIAN_POINT('',(2.77555756156289E-17,-0.0465,0.013));
#3046=CARTESIAN_POINT('',(0.0775,-0.0465,0.013));
#3047=CARTESIAN_POINT('',(0.0775,-0.0465,0.013));
#3048=CARTESIAN_POINT('',(0.0775,-0.0465,0.001));
#3049=CARTESIAN_POINT('',(2.77555756156289E-17,-0.0465,0.001));
#3050=CARTESIAN_POINT('',(-0.0775,-0.0465,0.001));
#3051=CARTESIAN_POINT('',(-0.0775,-0.0465,0.013));
#3052=CARTESIAN_POINT('',(-0.0775,-0.0465,0.013));
#3053=CARTESIAN_POINT('',(2.77555756156289E-17,-0.0465,0.013));
#3054=CARTESIAN_POINT('',(0.0825,0.0393954699486494,0.013));
#3055=CARTESIAN_POINT('',(0.0825,0.0393954699486494,0.001));
#3056=CARTESIAN_POINT('',(0.0825,0.0362909398972988,0.001));
#3057=CARTESIAN_POINT('',(0.0825,0.0425,0.001));
#3058=CARTESIAN_POINT('',(0.0825,0.0362909398972988,0.013));
#3059=CARTESIAN_POINT('',(0.0825,0.0362909398972988,0.013));
#3060=CARTESIAN_POINT('',(0.0825,0.0393954699486494,0.013));
#3061=CARTESIAN_POINT('',(0.0825,0.0425,0.013));
#3062=CARTESIAN_POINT('',(0.0825,0.0425,0.013));
#3063=CARTESIAN_POINT('',(0.0683234014362097,0.0475,0.013));
#3064=CARTESIAN_POINT('',(0.0591468028724194,0.0475,0.013));
#3065=CARTESIAN_POINT('',(0.0591468028724194,0.0475,0.013));
#3066=CARTESIAN_POINT('',(0.0591468028724194,0.0475,0.001));
#3067=CARTESIAN_POINT('',(0.0683234014362097,0.0475,0.001));
#3068=CARTESIAN_POINT('',(0.0775,0.0475,0.001));
#3069=CARTESIAN_POINT('',(0.0775,0.0475,0.013));
#3070=CARTESIAN_POINT('',(0.0775,0.0475,0.013));
#3071=CARTESIAN_POINT('',(0.0683234014362097,0.0475,0.013));
#3072=CARTESIAN_POINT('',(0.0775,-0.0425,0.013));
#3073=CARTESIAN_POINT('',(0.0775,-0.0425,0.001));
#3074=CARTESIAN_POINT('',(0.0815,-0.0425,0.001));
#3075=CARTESIAN_POINT('',(0.0775,-0.0425,0.013));
#3076=CARTESIAN_POINT('',(0.0815,-0.0425,0.013));
#3077=CARTESIAN_POINT('',(0.0815,-0.0425,0.013));
#3078=CARTESIAN_POINT('',(-0.0775,-0.0425,0.013));
#3079=CARTESIAN_POINT('',(-0.0775,-0.0425,0.001));
#3080=CARTESIAN_POINT('',(-0.0815,-0.0425,0.001));
#3081=CARTESIAN_POINT('',(-0.0815,-0.0425,0.013));
#3082=CARTESIAN_POINT('',(-0.0815,-0.0425,0.013));
#3083=CARTESIAN_POINT('',(-0.0775,-0.0425,0.013));
#3084=CARTESIAN_POINT('',(-0.0775,0.0425,0.013));
#3085=CARTESIAN_POINT('',(-0.0775,0.0425,0.001));
#3086=CARTESIAN_POINT('',(-0.0775,0.0425,0.013));
#3087=CARTESIAN_POINT('',(0.0775,0.0425,0.013));
#3088=CARTESIAN_POINT('',(0.0775,0.0425,0.001));
#3089=CARTESIAN_POINT('',(0.0775,0.0425,0.013));
#3090=CARTESIAN_POINT('',(-0.0855,0.,0.013));
#3091=CARTESIAN_POINT('',(-0.0855,0.0425,0.013));
#3092=CARTESIAN_POINT('',(-0.0855,0.0425,0.013));
#3093=CARTESIAN_POINT('',(-0.0855,0.0425,0.003));
#3094=CARTESIAN_POINT('',(-0.0855,-0.0425,0.003));
#3095=CARTESIAN_POINT('',(-0.0855,-0.0425,0.003));
#3096=CARTESIAN_POINT('',(-0.0855,-0.0425,0.013));
#3097=CARTESIAN_POINT('',(-0.0855,-0.0425,0.013));
#3098=CARTESIAN_POINT('',(-0.0855,0.,0.013));
#3099=CARTESIAN_POINT('',(-0.0775,-0.0425,0.013));
#3100=CARTESIAN_POINT('',(-0.0775,-0.0425,0.003));
#3101=CARTESIAN_POINT('',(-0.0775,-0.0425,0.013));
#3102=CARTESIAN_POINT('',(0.0775,-0.0425,0.013));
#3103=CARTESIAN_POINT('',(0.0775,-0.0425,0.003));
#3104=CARTESIAN_POINT('',(0.0855,-0.0425,0.003));
#3105=CARTESIAN_POINT('',(0.0855,-0.0425,0.013));
#3106=CARTESIAN_POINT('',(0.0855,-0.0425,0.013));
#3107=CARTESIAN_POINT('',(0.0775,-0.0425,0.013));
#3108=CARTESIAN_POINT('',(0.0855,1.38777878078145E-17,0.013));
#3109=CARTESIAN_POINT('',(0.0855,1.38777878078145E-17,0.003));
#3110=CARTESIAN_POINT('',(0.0855,0.0425,0.003));
#3111=CARTESIAN_POINT('',(0.0855,0.0425,0.013));
#3112=CARTESIAN_POINT('',(0.0855,0.0425,0.013));
#3113=CARTESIAN_POINT('',(0.0855,1.38777878078145E-17,0.013));
#3114=CARTESIAN_POINT('',(0.0775,0.0425,0.013));
#3115=CARTESIAN_POINT('',(0.0775,0.0425,0.003));
#3116=CARTESIAN_POINT('',(0.0775,0.0425,0.013));
#3117=CARTESIAN_POINT('',(0.,0.0505,0.013));
#3118=CARTESIAN_POINT('',(0.,0.0505,0.013));
#3119=CARTESIAN_POINT('',(-0.025,0.0505,0.013));
#3120=CARTESIAN_POINT('',(-0.0775,0.0505,0.013));
#3121=CARTESIAN_POINT('',(-0.025,0.0505,0.008));
#3122=CARTESIAN_POINT('',(-0.025,0.0505,0.003));
#3123=CARTESIAN_POINT('',(0.,0.0505,0.003));
#3124=CARTESIAN_POINT('',(-0.0775,0.0505,0.003));
#3125=CARTESIAN_POINT('',(-0.0775,0.0505,0.013));
#3126=CARTESIAN_POINT('',(-0.0815,-0.00310453005135059,0.013));
#3127=CARTESIAN_POINT('',(-0.0815,-0.00310453005135059,0.001));
#3128=CARTESIAN_POINT('',(-0.0815,0.0362909398972988,0.001));
#3129=CARTESIAN_POINT('',(-0.0815,0.0362909398972988,0.013));
#3130=CARTESIAN_POINT('',(-0.0815,0.0362909398972988,0.013));
#3131=CARTESIAN_POINT('',(-0.0815,-0.00310453005135059,0.013));
#3132=CARTESIAN_POINT('',(-0.082,0.0362909398972988,0.013));
#3133=CARTESIAN_POINT('',(-0.082,0.0362909398972988,0.001));
#3134=CARTESIAN_POINT('',(-0.082,0.0362909398972988,0.013));
#3135=CARTESIAN_POINT('',(-0.0591468028724194,0.047,0.013));
#3136=CARTESIAN_POINT('',(-0.0591468028724194,0.047,0.001));
#3137=CARTESIAN_POINT('',(-0.0591468028724194,0.0465,0.001));
#3138=CARTESIAN_POINT('',(-0.0591468028724194,0.0465,0.013));
#3139=CARTESIAN_POINT('',(-0.0591468028724194,0.0465,0.013));
#3140=CARTESIAN_POINT('',(-0.0591468028724194,0.047,0.013));
#3141=CARTESIAN_POINT('',(0.,0.0465,0.013));
#3142=CARTESIAN_POINT('',(0.,0.0465,0.001));
#3143=CARTESIAN_POINT('',(0.0591468028724194,0.0465,0.001));
#3144=CARTESIAN_POINT('',(0.0591468028724194,0.0465,0.013));
#3145=CARTESIAN_POINT('',(0.0591468028724194,0.0465,0.013));
#3146=CARTESIAN_POINT('',(0.,0.0465,0.013));
#3147=CARTESIAN_POINT('',(0.0591468028724194,0.047,0.013));
#3148=CARTESIAN_POINT('',(0.0591468028724194,0.047,0.001));
#3149=CARTESIAN_POINT('',(0.0591468028724194,0.047,0.013));
#3150=CARTESIAN_POINT('',(0.082,0.0362909398972988,0.013));
#3151=CARTESIAN_POINT('',(0.082,0.0362909398972988,0.001));
#3152=CARTESIAN_POINT('',(0.0815,0.0362909398972988,0.001));
#3153=CARTESIAN_POINT('',(0.0815,0.0362909398972988,0.013));
#3154=CARTESIAN_POINT('',(0.0815,0.0362909398972988,0.013));
#3155=CARTESIAN_POINT('',(0.082,0.0362909398972988,0.013));
#3156=CARTESIAN_POINT('',(0.0815,-0.00310453005135059,0.013));
#3157=CARTESIAN_POINT('',(0.0815,-0.00310453005135059,0.001));
#3158=CARTESIAN_POINT('',(0.0815,-0.00310453005135059,0.013));
#3159=CARTESIAN_POINT('',(-0.0775,0.0425,0.013));
#3160=CARTESIAN_POINT('',(-0.0775,0.0425,0.003));
#3161=CARTESIAN_POINT('',(-0.0775,0.0425,0.013));
#3162=CARTESIAN_POINT('',(0.,6.93889390390723E-18,0.013));
#3163=CARTESIAN_POINT('',(0.005,-0.04975,0.013));
#3164=CARTESIAN_POINT('',(0.005,-0.0495,0.013));
#3165=CARTESIAN_POINT('',(0.025,0.0505,0.013));
#3166=CARTESIAN_POINT('',(-0.005,-0.04975,0.013));
#3167=CARTESIAN_POINT('',(-0.005,-0.0495,0.013));
#3168=CARTESIAN_POINT('',(-0.005,-0.0495,0.013));
#3169=CARTESIAN_POINT('',(0.,6.93889390390723E-18,0.001));
#3170=CARTESIAN_POINT('',(0.,0.0505,0.003));
#3171=CARTESIAN_POINT('',(-0.0775,0.0505,0.003));
#3172=CARTESIAN_POINT('',(0.025,0.0505,0.003));
#3173=CARTESIAN_POINT('',(0.0775,0.0475,0.));
#3174=CARTESIAN_POINT('',(0.0775,0.0425,0.003));
#3175=CARTESIAN_POINT('',(0.0825,0.0425,0.));
#3176=CARTESIAN_POINT('',(-0.0775,0.0425,0.003));
#3177=CARTESIAN_POINT('',(-0.0855,0.0425,0.003));
#3178=CARTESIAN_POINT('',(0.0855,1.38777878078145E-17,0.003));
#3179=CARTESIAN_POINT('',(0.0825,-0.0425,0.));
#3180=CARTESIAN_POINT('',(-0.0825,-2.00003412524385E-17,0.));
#3181=CARTESIAN_POINT('',(-0.0855,-0.0425,0.003));
#3182=CARTESIAN_POINT('',(0.0775,-0.0425,0.003));
#3183=CARTESIAN_POINT('',(0.0775,-0.0475,0.));
#3184=CARTESIAN_POINT('',(-0.0775,-0.0425,0.003));
#3185=CARTESIAN_POINT('',(-0.0775,-0.0505,0.003));
#3186=CARTESIAN_POINT('',(4.25287045723346E-18,-0.0475,0.));
#3187=CARTESIAN_POINT('',(0.025,0.0545,0.006));
#3188=CARTESIAN_POINT('',(-0.025,0.0545,0.006));
#3189=CARTESIAN_POINT('',(-0.025,0.0585,0.009));
#3190=CARTESIAN_POINT('',(0.025,0.0585,0.009));
#3191=CARTESIAN_POINT('',(0.025,0.0585,0.009));
#3192=CARTESIAN_POINT('',(0.025,0.0545,0.006));
#3193=CARTESIAN_POINT('',(0.025,0.0555,0.013));
#3194=CARTESIAN_POINT('',(-0.025,0.0555,0.013));
#3195=CARTESIAN_POINT('',(0.025,0.0555,0.013));
#3196=CARTESIAN_POINT('',(0.025,0.0555,0.0105));
#3197=CARTESIAN_POINT('',(0.025,0.0555,0.013));
#3198=CARTESIAN_POINT('',(0.025,0.0555,0.009));
#3199=CARTESIAN_POINT('',(-0.025,0.0555,0.0105));
#3200=CARTESIAN_POINT('',(-0.025,0.0555,0.013));
#3201=CARTESIAN_POINT('',(-0.025,0.0555,0.009));
#3202=CARTESIAN_POINT('',(-0.0288,0.0555,0.0105));
#3203=CARTESIAN_POINT('',(-0.0288,0.0555,0.013));
#3204=CARTESIAN_POINT('',(-0.0288,0.0555,0.0138114214015263));
#3205=CARTESIAN_POINT('',(0.0288,0.0555,0.0105));
#3206=CARTESIAN_POINT('',(0.0288,0.0555,0.013));
#3207=CARTESIAN_POINT('',(0.0288,0.0555,0.0138114214015263));
#3208=CARTESIAN_POINT('',(0.025,0.0555,0.013));
#3209=CARTESIAN_POINT('',(-0.0288,0.0555,0.013));
#3210=CARTESIAN_POINT('',(-0.005,-0.05,0.00329324440099299));
#3211=CARTESIAN_POINT('',(0.005,-0.05,0.00329324440099299));
#3212=CARTESIAN_POINT('',(0.005,-0.0495,0.00329324440099299));
#3213=CARTESIAN_POINT('',(-0.005,-0.0495,0.00329324440099299));
#3214=CARTESIAN_POINT('',(-0.005,-0.0495,0.00329324440099299));
#3215=CARTESIAN_POINT('',(-0.005,-0.05,0.00329324440099299));
#3216=CARTESIAN_POINT('',(-0.005,-0.0495,0.0081466222004965));
#3217=CARTESIAN_POINT('',(0.005,-0.0495,0.0081466222004965));
#3218=CARTESIAN_POINT('',(-0.005,-0.0495,0.0081466222004965));
#3219=CARTESIAN_POINT('',(-0.005,-0.0559,0.011075));
#3220=CARTESIAN_POINT('',(0.005,-0.0559,0.011075));
#3221=CARTESIAN_POINT('',(-8.52380341973324E-6,0.00621310677731688,-0.00559848944842854));
#3222=MECHANICAL_DESIGN_GEOMETRIC_PRESENTATION_REPRESENTATION('',(#1917,
#1918),#3223);
#3223=(
GEOMETRIC_REPRESENTATION_CONTEXT(3)
GLOBAL_UNCERTAINTY_ASSIGNED_CONTEXT((#3226))
GLOBAL_UNIT_ASSIGNED_CONTEXT((#3231,#3230,#3229))
REPRESENTATION_CONTEXT('ActualPrint','TOP_LEVEL_ASSEMBLY_PART')
);
#3224=(
GEOMETRIC_REPRESENTATION_CONTEXT(3)
GLOBAL_UNCERTAINTY_ASSIGNED_CONTEXT((#3227))
GLOBAL_UNIT_ASSIGNED_CONTEXT((#3231,#3230,#3229))
REPRESENTATION_CONTEXT('CaseTop','COMPONENT_PART')
);
#3225=(
GEOMETRIC_REPRESENTATION_CONTEXT(3)
GLOBAL_UNCERTAINTY_ASSIGNED_CONTEXT((#3228))
GLOBAL_UNIT_ASSIGNED_CONTEXT((#3231,#3230,#3229))
REPRESENTATION_CONTEXT('Part 1','COMPONENT_PART')
);
#3226=UNCERTAINTY_MEASURE_WITH_UNIT(LENGTH_MEASURE(1.E-8),#3231,
'DISTANCE_ACCURACY_VALUE','Maximum Tolerance applied to model');
#3227=UNCERTAINTY_MEASURE_WITH_UNIT(LENGTH_MEASURE(2.E-5),#3231,
'DISTANCE_ACCURACY_VALUE','Maximum Tolerance applied to model');
#3228=UNCERTAINTY_MEASURE_WITH_UNIT(LENGTH_MEASURE(1.E-8),#3231,
'DISTANCE_ACCURACY_VALUE','Maximum Tolerance applied to model');
#3229=(
NAMED_UNIT(*)
SI_UNIT($,.STERADIAN.)
SOLID_ANGLE_UNIT()
);
#3230=(
NAMED_UNIT(*)
PLANE_ANGLE_UNIT()
SI_UNIT($,.RADIAN.)
);
#3231=(
LENGTH_UNIT()
NAMED_UNIT(*)
SI_UNIT($,.METRE.)
);
#3232=PRODUCT_DEFINITION_SHAPE('','',#3237);
#3233=PRODUCT_DEFINITION_SHAPE('','',#3238);
#3234=PRODUCT_DEFINITION_SHAPE(' ','NAUO PRDDFN',#12);
#3235=PRODUCT_DEFINITION_SHAPE('','',#3239);
#3236=PRODUCT_DEFINITION_SHAPE(' ','NAUO PRDDFN',#13);
#3237=PRODUCT_DEFINITION('','',#3243,#3240);
#3238=PRODUCT_DEFINITION('','',#3244,#3241);
#3239=PRODUCT_DEFINITION('','',#3245,#3242);
#3240=PRODUCT_DEFINITION_CONTEXT('',#3259,'design');
#3241=PRODUCT_DEFINITION_CONTEXT('',#3259,'design');
#3242=PRODUCT_DEFINITION_CONTEXT('',#3259,'design');
#3243=PRODUCT_DEFINITION_FORMATION_WITH_SPECIFIED_SOURCE('','',#3249,
 .NOT_KNOWN.);
#3244=PRODUCT_DEFINITION_FORMATION_WITH_SPECIFIED_SOURCE('','',#3250,
 .NOT_KNOWN.);
#3245=PRODUCT_DEFINITION_FORMATION_WITH_SPECIFIED_SOURCE('','',#3251,
 .NOT_KNOWN.);
#3246=PRODUCT_RELATED_PRODUCT_CATEGORY('','',(#3249));
#3247=PRODUCT_RELATED_PRODUCT_CATEGORY('','',(#3250));
#3248=PRODUCT_RELATED_PRODUCT_CATEGORY('','',(#3251));
#3249=PRODUCT('ActualPrint','ActualPrint','ActualPrint',(#3255));
#3250=PRODUCT('CaseTop','CaseTop','CaseTop',(#3256));
#3251=PRODUCT('Part 1','Part 1','Part 1',(#3257));
#3252=PRODUCT_CATEGORY('','');
#3253=PRODUCT_CATEGORY('','');
#3254=PRODUCT_CATEGORY('','');
#3255=PRODUCT_CONTEXT('',#3259,'mechanical');
#3256=PRODUCT_CONTEXT('',#3259,'mechanical');
#3257=PRODUCT_CONTEXT('',#3259,'mechanical');
#3258=APPLICATION_PROTOCOL_DEFINITION('international standard',
'ap242_managed_model_based_3d_engineering',2020,#3259);
#3259=APPLICATION_CONTEXT('managed model based 3d engineering');
ENDSEC;
END-ISO-10303-21;
